evalNum,writeNum,writelnNum,escapeNum,unescapeNum,fromCharCodeNum,splitNum,subStringNum,charAtNum,ActiveXObjectNum,createElementNum,locationNum,URLNum,referrerNum,replaceNum,setTimeoutNum,reloadNum,strAllNum,idenAllNum,Tag
0,0,0,0,0,0,1,0,0,0,0,0,0,0,0,0,0,26,49,1
0,1,0,0,0,0,1,0,1,0,0,3,0,1,0,0,0,50,86,1
0,1,0,0,0,0,1,0,1,0,0,3,0,1,0,0,0,50,86,1
1,0,0,0,0,1,0,0,0,0,0,0,0,0,0,0,0,255,15,1
0,0,0,0,0,0,0,0,0,0,0,0,0,0,0,0,0,9,29,1
0,0,0,0,0,0,0,0,0,0,0,0,0,0,0,0,0,2,4,1
0,0,0,0,0,0,0,0,0,0,1,0,0,0,0,0,0,4,15,1
0,1,0,0,0,1,0,0,1,0,0,0,0,0,0,0,0,21,40,1
0,0,0,0,0,0,0,0,0,0,0,0,0,0,0,0,0,0,0,1
1,0,0,0,0,3,0,0,5,0,0,0,0,0,0,0,0,18,72,1
0,0,0,0,0,0,0,0,0,0,0,0,0,0,0,0,0,0,0,1
0,1,0,0,0,0,0,0,0,0,0,0,0,0,0,0,0,5,7,1
0,1,0,0,0,0,0,0,0,0,0,0,0,0,0,0,0,5,7,1
2,0,0,0,0,0,0,0,0,0,0,0,0,0,0,0,0,4,5,1
0,0,0,0,0,0,0,0,0,0,0,0,0,0,0,0,0,0,0,1
0,0,0,0,0,0,0,0,0,0,0,0,0,0,0,0,0,0,0,1
1,0,0,0,0,1,0,0,0,0,0,0,0,0,0,0,0,243,15,1
0,1,0,0,0,0,1,0,1,0,0,3,0,1,0,0,0,50,86,1
0,1,0,0,0,1,0,0,1,0,0,0,0,0,0,0,0,21,40,1
0,1,0,0,0,1,0,0,1,0,0,0,0,0,0,0,0,21,40,1
0,0,0,0,0,0,0,0,0,0,0,0,0,0,0,0,0,0,0,1
0,1,0,0,0,0,1,0,1,0,0,3,0,1,0,0,0,50,86,1
0,1,0,0,0,0,1,0,1,0,0,3,0,1,0,1,0,50,86,1
0,0,0,0,0,0,0,0,0,0,1,0,0,0,0,1,0,36,86,1
0,0,0,0,0,0,0,0,0,0,0,0,0,0,0,0,0,1,0,1
0,0,0,0,0,0,0,0,0,0,0,0,0,0,0,0,0,1,2,1
0,0,0,0,0,2,0,0,0,0,2,0,0,0,0,0,0,45,106,1
0,0,0,0,0,0,0,0,0,0,0,0,0,0,0,0,0,0,0,1
0,1,0,0,0,0,0,0,0,0,0,0,0,0,0,0,0,1,3,1
0,1,0,0,0,0,1,0,1,0,0,3,0,1,0,0,0,50,86,1
0,1,0,0,0,1,0,0,2,0,0,0,0,0,0,0,0,7,25,1
0,1,0,0,0,0,0,0,0,0,0,0,0,0,0,0,0,1,3,1
0,1,0,0,0,0,1,0,1,0,0,3,0,1,0,0,0,50,86,1
0,1,0,0,0,0,1,0,1,0,0,3,0,1,0,0,0,50,86,1
1,0,0,0,0,1,0,0,0,0,0,0,0,0,0,0,0,131,15,1
2,0,0,0,0,1,1,0,0,0,0,0,0,0,0,0,0,15,29,1
0,1,0,0,0,0,1,0,1,0,0,3,0,1,0,0,0,50,86,1
0,1,0,0,0,0,1,0,1,0,0,3,0,1,0,0,0,50,86,1
0,1,0,0,0,0,0,0,0,0,0,4,0,5,0,1,0,26,56,1
0,0,0,0,0,0,0,0,0,0,0,0,0,0,0,0,0,321,45,1
0,0,0,0,0,0,0,0,0,0,0,0,0,0,0,0,0,0,0,1
0,0,0,0,0,0,0,0,0,0,0,0,0,0,0,0,0,0,0,1
0,1,0,0,0,0,0,0,0,0,0,0,0,0,0,0,0,1,3,1
0,1,0,0,0,0,0,0,0,0,0,0,0,0,0,0,0,7,10,1
0,1,0,0,0,0,1,0,1,0,0,3,0,1,0,0,0,50,86,1
0,1,0,0,0,0,1,0,1,0,0,3,0,1,0,0,0,50,86,1
0,1,0,0,0,0,1,0,1,0,0,3,0,1,0,0,0,50,86,1
0,0,0,0,0,0,0,0,0,0,0,0,0,1,0,0,0,0,3,1
0,1,0,0,0,0,1,0,1,0,0,3,0,1,0,0,0,50,86,1
0,0,0,0,0,1,0,0,0,0,0,0,0,0,0,0,0,506,36,1
0,0,0,0,0,1,0,0,0,0,0,0,0,0,0,0,0,506,36,1
0,1,0,0,0,0,1,0,1,0,0,3,0,1,0,0,0,50,86,1
0,1,0,0,0,0,1,0,1,0,0,3,0,1,0,0,0,50,86,1
0,0,0,0,0,0,0,0,0,0,0,0,0,0,0,0,0,0,0,1
0,0,0,0,0,0,0,0,0,0,2,0,0,0,0,0,0,7,26,1
0,0,0,0,0,2,0,0,0,0,2,0,0,0,0,0,0,45,106,1
0,1,0,0,0,0,1,0,1,0,0,3,0,1,0,0,0,50,86,1
0,1,0,0,0,1,0,0,1,0,0,0,0,0,0,0,0,21,40,1
0,0,0,0,0,0,0,0,0,0,0,0,0,0,0,0,0,0,0,1
0,1,0,0,0,0,1,0,1,0,0,3,0,1,0,0,0,50,86,1
0,1,0,0,0,1,0,0,1,0,0,0,0,0,0,0,0,21,40,1
0,0,0,0,0,0,0,0,0,0,0,0,0,0,0,0,0,0,0,1
1,0,0,0,0,1,0,0,0,0,0,0,0,0,0,0,0,131,15,1
0,2,0,2,0,0,0,0,0,0,0,1,0,1,0,0,0,25,29,1
0,0,0,0,0,2,0,0,0,0,2,0,0,0,0,0,0,45,106,1
0,0,0,0,0,0,0,0,0,0,0,0,0,0,0,0,0,7,32,1
1,0,0,0,0,1,0,0,0,0,0,0,0,0,0,0,0,2216,3,1
0,1,0,0,0,3,0,0,4,0,0,0,0,0,0,0,0,31,73,1
0,1,0,0,0,0,1,0,1,0,0,3,0,1,0,0,0,50,86,1
1,0,0,0,0,1,0,0,0,0,0,0,0,0,0,0,0,127,15,1
0,1,0,0,0,0,1,0,1,0,0,3,0,1,0,0,0,50,86,1
0,1,0,0,0,0,1,0,1,0,0,3,0,1,0,0,0,50,86,1
0,0,0,0,0,0,0,0,0,0,0,0,0,0,0,0,0,0,0,1
0,0,0,0,0,0,0,0,0,0,0,0,0,0,0,0,0,0,0,1
0,0,0,0,0,0,0,0,0,0,0,0,0,0,0,0,0,0,0,1
0,1,0,0,0,0,1,0,1,0,0,3,0,1,0,0,0,50,86,1
0,1,0,0,0,0,1,0,1,0,0,3,0,1,0,0,0,50,86,1
0,1,0,0,0,0,1,0,1,0,0,3,0,1,0,0,0,50,86,1
0,1,0,0,0,0,1,0,1,0,0,3,0,1,1,0,0,55,97,1
0,0,0,0,0,0,0,0,0,0,0,0,0,0,0,0,0,0,0,1
0,0,0,0,0,0,1,0,0,0,1,0,0,0,0,0,0,20,62,1
0,0,0,0,0,0,0,0,0,0,0,0,0,0,0,0,0,0,0,1
0,0,0,0,0,0,0,0,0,0,0,0,0,0,0,0,0,0,0,1
0,1,0,0,0,0,1,0,1,0,0,3,0,1,0,0,0,50,86,1
0,0,0,0,0,1,0,0,0,0,0,0,0,0,0,0,0,119,41,1
0,1,0,0,0,0,1,0,1,0,0,3,0,1,0,0,0,50,86,1
0,1,0,0,0,0,0,0,0,0,0,0,0,0,0,0,0,1,2,1
0,1,0,0,0,0,1,0,1,0,0,3,0,1,0,0,0,50,86,1
1,0,0,0,0,0,0,0,0,0,0,0,0,0,0,0,0,568,579,1
0,0,0,0,0,0,0,0,0,0,0,0,0,0,0,0,0,0,0,1
0,1,0,0,0,1,0,0,0,0,0,0,0,0,0,0,0,5,21,1
1,0,0,0,0,0,0,0,0,0,0,0,0,0,0,0,0,1,2,1
1,0,0,0,0,1,0,0,0,0,0,0,0,0,0,0,0,15,32,1
0,1,0,0,0,0,1,0,1,0,0,3,0,1,0,0,0,50,86,1
0,0,0,0,0,0,0,0,0,0,0,0,0,0,0,0,0,3,0,1
0,0,0,0,0,0,0,0,0,0,2,0,0,0,0,0,0,7,26,1
0,0,0,0,0,0,0,0,0,0,0,1,0,0,0,0,0,3,17,1
0,0,0,0,0,0,0,0,0,0,0,0,0,0,0,0,0,0,0,1
0,1,0,0,0,0,1,0,1,0,0,3,0,1,0,0,0,50,86,1
0,1,0,0,0,0,1,0,1,0,0,3,0,1,0,0,0,50,86,1
0,6,0,1,0,0,0,0,0,0,0,0,0,0,0,0,0,9,23,1
0,0,0,0,0,0,0,0,0,0,0,0,0,0,0,0,0,0,0,1
0,1,0,0,0,0,1,0,1,0,0,3,0,1,0,0,0,50,86,1
0,0,0,0,0,0,0,0,0,0,0,0,0,0,0,0,0,0,0,1
0,0,0,0,0,0,0,0,0,0,0,0,0,0,0,0,0,1,2,1
0,0,0,0,0,0,0,0,0,0,0,1,0,0,0,0,0,1,2,1
0,1,0,0,0,0,0,0,0,0,0,0,0,0,0,0,0,3,1,1
0,0,0,0,0,0,0,0,0,0,0,0,0,0,0,0,0,0,0,1
0,1,0,0,0,0,1,0,1,0,0,3,0,1,0,0,0,50,86,1
0,1,0,1,0,0,0,0,0,0,1,0,0,0,0,0,0,34,87,1
0,1,0,0,0,0,0,0,0,0,0,0,0,0,0,0,0,7,10,1
1,0,0,0,0,1,0,0,0,0,0,0,0,0,0,0,0,231,15,1
1,0,0,0,0,1,0,0,0,0,0,0,0,0,0,0,0,131,15,1
0,0,0,0,0,0,0,0,0,0,2,0,0,0,0,0,0,7,26,1
0,1,0,0,0,0,1,0,1,0,0,3,0,1,0,0,0,50,86,1
0,1,0,0,0,0,1,0,1,0,0,3,0,1,0,0,0,50,86,1
0,0,0,0,0,0,0,0,0,0,0,0,0,0,0,0,0,6,6,1
0,2,0,2,0,0,0,0,0,0,0,1,0,1,0,0,0,25,29,1
0,1,0,0,0,1,0,0,1,0,0,0,0,0,0,0,0,21,40,1
0,0,0,0,0,0,0,0,0,0,0,0,0,0,0,0,0,0,0,1
0,1,0,0,0,0,1,0,1,0,0,3,0,1,0,0,0,50,86,1
0,1,0,0,0,0,1,0,1,0,0,3,0,1,0,0,0,50,86,1
0,0,0,0,0,2,0,0,0,0,2,0,0,0,0,0,0,45,106,1
1,1,0,1,0,0,0,0,0,0,0,0,0,0,0,2,0,70,204,1
0,0,0,0,0,0,0,0,0,0,1,0,0,0,0,0,0,15,23,1
0,0,0,0,0,0,0,0,0,0,0,0,0,0,0,0,0,304,33,1
0,1,0,0,0,0,1,0,1,0,0,3,0,1,0,0,0,50,86,1
0,1,0,0,0,0,1,0,1,0,0,3,0,1,0,0,0,50,86,1
0,1,0,0,0,0,1,0,1,0,0,3,0,1,0,0,0,50,86,1
0,1,0,0,0,0,1,0,1,0,0,3,0,1,0,0,0,50,86,1
0,1,0,0,0,0,1,0,1,0,0,3,0,1,0,1,0,50,86,1
0,1,0,0,0,0,1,0,1,0,0,3,0,1,0,0,0,50,86,1
0,1,0,0,0,0,1,0,1,0,0,3,0,1,0,0,0,50,86,1
0,0,0,0,0,0,0,0,0,0,0,0,0,0,0,1,0,18,53,1
0,0,0,0,0,2,0,0,0,0,2,0,0,0,0,0,0,45,106,1
2,0,0,0,0,0,0,0,0,0,0,0,0,0,0,0,0,4,5,1
0,0,0,0,0,0,0,0,0,0,0,0,0,0,0,0,0,0,0,1
0,0,0,0,0,0,0,0,0,0,2,0,0,0,0,0,0,7,26,1
0,0,0,0,0,0,0,0,0,0,2,0,0,0,0,0,0,7,26,1
0,0,0,0,0,0,0,0,0,0,0,0,0,0,0,0,0,0,0,1
1,0,0,0,0,1,0,0,0,0,0,0,0,0,0,0,0,127,15,1
0,1,0,0,0,0,1,0,1,0,0,3,0,1,0,0,0,50,86,1
0,1,0,0,0,0,1,0,1,0,0,3,0,1,0,0,0,50,86,1
0,0,0,0,0,0,0,0,0,0,0,0,0,0,0,0,0,2,4,1
0,1,0,0,0,0,0,0,0,0,0,0,0,0,0,0,0,5,7,1
0,0,0,0,0,0,0,0,0,0,0,0,0,0,0,0,0,0,0,1
0,1,0,0,0,0,0,0,0,0,0,0,0,0,0,0,0,7,10,1
0,4,0,0,0,0,0,0,0,0,0,0,0,0,0,0,0,4,8,1
0,0,0,0,0,0,0,0,0,0,0,0,0,0,0,0,0,0,0,1
0,0,0,0,0,0,0,0,0,0,1,0,0,0,0,1,0,15,15,1
0,0,0,0,0,0,0,0,0,0,0,0,0,0,0,0,0,1,0,1
0,1,0,0,0,0,0,0,0,0,0,4,0,5,0,1,0,26,56,1
0,1,0,0,0,0,1,0,1,0,0,3,0,1,0,0,0,50,86,1
0,1,0,0,0,0,1,0,1,0,0,3,0,1,0,0,0,50,86,1
0,1,0,0,0,0,1,0,1,0,0,3,0,1,0,0,0,50,86,1
1,0,0,0,0,1,0,0,0,0,0,0,0,0,0,0,0,231,15,1
0,0,0,0,0,2,0,0,0,0,2,0,0,0,0,0,0,45,106,1
0,1,0,0,0,0,1,0,1,0,0,3,0,1,0,0,0,50,86,1
0,0,0,0,0,0,0,0,0,0,0,0,0,0,0,0,0,2,4,1
0,0,0,0,0,0,0,0,0,0,0,0,0,0,0,0,0,0,0,1
0,1,0,0,0,0,1,0,1,0,0,3,0,1,0,0,0,50,86,1
1,0,0,0,0,1,0,0,0,0,0,0,0,0,0,0,0,125,15,1
0,1,0,0,0,0,0,0,0,0,0,4,0,5,0,1,0,26,56,1
0,1,0,0,0,0,1,0,1,0,0,3,0,1,0,0,0,50,86,1
0,1,0,0,0,0,1,0,1,0,0,3,0,1,0,0,0,50,86,1
0,1,0,0,0,0,1,0,1,0,0,3,0,1,0,0,0,50,86,1
2,0,0,0,0,0,0,0,0,0,0,0,0,0,0,0,0,11,19,1
0,1,0,0,0,0,1,0,1,0,0,3,0,1,0,0,0,50,86,1
0,0,0,0,0,1,0,0,0,0,0,0,0,0,0,1,0,89,17,1
0,1,0,0,0,0,1,0,1,0,0,3,0,1,0,0,0,50,86,1
0,1,0,0,0,0,0,0,0,0,0,0,0,0,0,0,0,5,7,1
0,1,0,0,0,0,0,0,0,0,0,0,0,0,0,0,0,5,7,1
0,0,0,0,0,0,0,0,0,0,0,0,0,0,0,0,0,0,0,1
0,1,0,0,0,0,1,0,1,0,0,3,0,1,0,0,0,50,86,1
0,1,0,0,0,0,1,0,1,0,0,3,0,1,0,0,0,50,86,1
0,1,0,0,0,1,0,0,1,0,0,0,0,0,0,0,0,21,40,1
0,0,0,0,0,0,0,0,0,0,0,0,0,0,0,0,0,0,0,1
0,0,0,0,0,0,0,0,0,0,2,0,0,0,0,0,0,7,26,1
0,1,0,0,0,0,1,0,1,0,0,3,0,1,0,0,0,50,86,1
0,0,0,0,0,2,0,0,0,0,2,0,0,0,0,0,0,45,106,1
2,0,0,0,0,0,0,0,0,0,0,0,0,0,0,0,0,4,5,1
0,0,0,0,0,0,0,0,0,0,0,0,0,0,0,0,0,0,0,1
0,1,0,0,0,0,1,0,1,0,0,3,0,1,0,0,0,50,86,1
0,1,0,0,0,0,1,0,1,0,0,3,0,1,0,0,0,50,86,1
0,0,0,0,0,0,0,0,0,0,0,0,0,0,0,1,0,18,53,1
2,0,0,0,0,0,0,0,0,0,0,0,0,0,0,0,0,4,5,1
0,1,0,0,0,0,1,0,1,0,0,3,0,1,0,0,0,50,86,1
0,0,0,0,0,0,0,0,0,0,0,0,0,0,0,2,0,8,15,1
0,0,0,0,0,0,0,0,0,0,0,0,0,0,0,0,0,0,0,1
0,1,0,0,0,0,1,0,1,0,0,3,0,1,0,0,0,50,86,1
0,1,0,0,0,0,0,0,0,0,0,0,0,0,0,0,0,1,2,1
0,0,0,0,0,0,0,0,0,0,0,0,0,0,0,0,0,0,0,1
0,0,0,0,0,0,0,0,0,0,0,0,0,0,0,0,0,0,0,1
0,1,0,0,0,0,1,0,1,0,0,3,0,1,0,0,0,50,86,1
0,1,0,0,0,0,1,0,1,0,0,3,0,1,0,0,0,50,86,1
0,1,0,0,0,0,1,0,1,0,0,3,0,1,0,0,0,50,86,1
0,0,0,0,0,0,0,0,0,0,1,0,0,0,0,0,0,861,935,1
0,0,0,0,0,0,0,0,0,0,0,0,0,0,0,1,0,56,81,1
0,0,0,0,0,0,0,0,0,0,0,0,0,0,0,0,0,0,0,1
0,1,0,0,0,0,1,0,1,0,0,3,0,1,0,0,0,50,86,1
0,1,0,0,0,0,1,0,1,0,0,3,0,1,0,0,0,50,86,1
0,1,0,0,0,0,1,0,1,0,0,3,0,1,0,0,0,50,86,1
1,0,0,0,0,1,1,0,0,0,0,0,0,0,0,0,0,12,32,1
0,0,0,0,0,0,0,0,0,0,0,0,0,0,0,0,0,5,9,1
0,0,0,0,0,0,0,0,0,0,2,0,0,0,0,0,0,7,26,1
0,1,0,0,0,0,1,0,1,0,0,3,0,1,0,0,0,50,86,1
0,1,0,0,0,0,0,0,0,0,0,0,0,0,0,0,0,5,7,1
0,0,0,0,0,0,0,0,0,0,0,0,0,0,0,0,0,0,0,1
0,1,0,0,0,1,0,0,0,0,0,0,0,0,0,0,0,5,21,1
0,1,0,0,0,0,0,0,0,0,0,0,1,1,0,0,0,3,8,1
0,0,0,0,0,2,0,0,0,0,2,0,0,0,0,0,0,45,106,1
0,1,0,0,0,0,1,0,1,0,0,3,0,1,0,0,0,50,86,1
0,1,0,0,0,0,1,0,1,0,0,3,0,1,0,0,0,50,86,1
1,0,0,0,0,3,0,0,5,0,0,0,0,0,0,0,0,18,72,1
0,0,0,0,0,0,0,0,0,0,0,0,0,0,0,0,0,0,0,1
0,1,0,0,0,0,0,0,0,0,0,0,0,0,0,0,0,23,18,1
0,1,0,0,0,0,1,0,1,0,0,3,0,1,0,0,0,50,86,1
0,0,0,0,0,2,0,0,0,0,2,0,0,0,0,0,0,45,106,1
1,0,0,0,0,1,0,0,0,0,0,0,0,0,0,0,0,125,15,1
0,1,0,0,0,0,1,0,1,0,0,3,0,1,0,0,0,50,86,1
1,0,0,0,0,1,0,0,0,0,0,0,0,0,0,0,0,188,15,1
0,1,0,0,0,0,1,0,1,0,0,3,0,1,0,0,0,50,86,1
0,1,0,0,0,0,1,0,1,0,0,3,0,1,0,1,0,50,86,1
0,0,0,0,0,2,0,0,0,0,2,0,0,0,0,0,0,45,106,1
0,1,0,0,0,0,1,0,1,0,0,3,0,1,0,0,0,50,86,1
0,0,0,0,0,1,1,0,0,0,0,0,0,0,0,0,0,923,1954,1
0,0,0,0,0,0,0,0,0,0,0,0,0,0,0,0,0,0,0,1
0,0,0,0,0,0,0,0,0,0,2,0,0,0,0,0,0,7,26,1
0,1,0,0,0,0,1,0,1,0,0,3,0,1,0,0,0,50,86,1
0,1,0,0,0,0,1,0,1,0,0,3,0,1,0,0,0,50,86,1
0,0,0,0,0,0,0,0,0,0,0,0,0,0,0,0,0,0,0,1
0,0,0,0,0,0,0,0,0,0,2,0,0,0,0,0,0,7,26,1
0,0,0,0,0,1,0,0,0,0,0,0,0,0,0,1,0,86,17,1
2,0,0,0,0,0,0,0,0,0,0,0,0,0,0,0,0,11,19,1
0,0,0,0,0,2,0,0,0,0,2,0,0,0,0,0,0,45,106,1
2,0,0,0,0,0,0,0,0,0,0,0,0,0,0,0,0,4,5,1
0,0,0,0,0,0,0,0,0,0,0,0,0,0,0,0,0,0,0,1
1,0,0,0,0,1,0,0,0,0,0,0,0,0,0,0,0,127,15,1
0,1,0,0,0,0,1,0,1,0,0,3,0,1,0,0,0,50,86,1
1,0,0,0,0,1,1,0,0,0,0,0,0,0,0,0,0,12,34,1
0,1,0,0,0,0,1,0,1,0,0,3,0,1,0,0,0,50,86,1
0,1,0,0,0,1,0,0,1,0,0,0,0,0,0,0,0,21,40,1
0,0,0,0,0,0,0,0,0,0,0,0,0,0,0,0,0,0,0,1
0,1,0,0,0,0,1,0,1,0,0,3,0,1,0,0,0,50,86,1
0,1,0,0,0,0,1,0,1,0,0,3,0,1,0,0,0,50,86,1
0,0,0,0,0,2,0,0,0,0,2,0,0,0,0,0,0,45,106,1
0,1,0,0,0,0,0,0,0,0,0,0,0,0,1,0,0,37,110,1
2,0,0,0,0,0,0,0,0,0,0,0,0,0,0,0,0,11,19,1
0,0,0,0,0,0,0,0,0,0,2,0,0,0,0,0,0,7,26,1
0,1,0,0,0,0,0,0,0,0,0,0,0,0,0,0,0,1,2,1
0,1,0,0,0,0,1,0,1,0,0,3,0,1,0,0,0,50,86,1
0,1,0,0,0,0,0,0,0,0,0,1,0,0,0,0,0,2,6,1
0,1,0,0,0,0,1,0,1,0,0,3,0,1,0,0,0,50,86,1
0,0,0,0,0,0,0,0,0,0,2,0,0,0,0,0,0,7,26,1
0,1,0,0,0,0,0,0,0,0,0,0,0,0,0,0,0,1,2,1
0,0,0,0,0,1,0,0,0,0,0,0,0,0,0,1,0,93,17,1
0,0,0,0,0,0,0,0,0,0,0,0,0,0,0,1,0,21,21,1
0,1,0,1,0,0,0,0,0,0,0,0,0,0,0,0,0,15,34,1
0,0,0,0,0,0,0,0,0,0,0,0,0,0,0,0,0,0,0,1
1,0,0,0,0,1,0,0,0,0,0,0,0,0,0,0,0,127,15,1
0,0,0,0,0,0,0,0,0,0,2,0,0,0,0,0,0,7,26,1
0,0,0,0,0,0,0,0,0,0,0,0,0,0,0,0,0,6,6,1
0,2,0,2,0,0,0,0,0,0,0,1,0,1,0,0,0,25,29,1
0,1,0,0,0,0,0,0,0,0,0,0,0,0,0,0,0,2,4,1
0,1,0,0,0,0,1,0,1,0,0,3,0,1,0,0,0,50,86,1
0,0,0,0,0,0,0,0,0,0,0,0,0,0,0,0,0,1,0,1
0,0,0,0,0,1,0,0,0,0,2,0,0,0,0,0,0,131,210,1
2,0,0,0,0,1,1,0,0,0,0,0,0,0,0,0,0,15,29,1
0,1,0,0,0,0,1,0,1,0,0,3,0,1,0,0,0,50,86,1
0,0,0,0,0,0,0,0,0,0,0,0,0,0,0,0,0,2,4,1
0,0,0,0,0,0,0,0,0,0,0,0,0,0,0,1,0,18,53,1
1,0,0,0,0,1,1,0,0,0,0,0,0,0,2,0,0,17,51,1
0,1,0,0,0,0,1,0,1,0,0,3,0,1,0,0,0,50,86,1
0,1,0,0,0,0,1,0,1,0,0,3,0,1,0,0,0,50,86,1
1,0,0,0,0,1,0,0,0,0,0,0,0,0,0,0,0,188,15,1
0,0,0,0,0,0,0,0,0,0,0,0,0,0,0,1,0,18,53,1
0,0,0,0,0,0,0,0,0,0,0,0,0,0,0,0,0,3,8,1
1,0,0,0,0,1,0,0,0,0,0,0,0,0,0,0,0,255,15,1
0,1,0,0,0,0,1,0,1,0,0,3,0,1,0,0,0,50,86,1
0,0,0,0,0,2,0,0,0,0,2,0,0,0,0,0,0,45,106,1
0,0,0,0,0,0,0,0,0,0,0,0,0,0,0,0,0,0,0,1
0,1,0,0,0,0,1,0,1,0,0,3,0,1,0,0,0,50,86,1
0,0,0,0,0,1,0,0,0,0,0,0,0,0,0,1,0,90,17,1
1,0,0,0,0,1,0,0,0,0,0,0,0,0,0,0,0,179,15,1
0,0,0,0,0,0,0,0,0,0,0,0,0,0,0,0,0,0,0,1
0,0,0,0,0,0,0,0,0,0,0,0,0,0,0,0,0,8,13,1
0,1,0,0,0,0,1,0,1,0,0,3,0,1,0,0,0,50,86,1
0,0,0,0,0,0,0,0,0,0,2,0,0,0,0,0,0,7,26,1
0,0,0,0,0,0,0,0,0,0,0,0,0,0,0,0,0,1,2,1
0,1,0,0,0,0,1,0,1,0,0,3,0,1,0,0,0,50,86,1
0,1,0,0,0,0,0,0,0,0,0,4,0,5,0,1,0,26,56,1
0,0,0,0,0,0,0,0,0,0,0,0,0,0,0,0,0,0,0,1
0,0,0,0,0,0,0,0,0,0,2,0,0,0,0,0,0,7,26,1
0,1,0,0,0,0,1,0,1,0,0,3,0,1,0,0,0,50,86,1
0,0,0,0,0,0,0,0,0,0,0,0,0,0,0,0,0,0,0,1
0,0,0,0,0,0,0,0,0,0,2,0,0,0,0,0,0,7,26,1
0,0,0,0,0,0,0,0,0,0,0,0,0,0,0,0,0,0,0,0
0,0,0,0,0,0,0,0,0,0,0,0,0,0,0,0,0,7,9,0
0,0,0,0,0,0,0,0,0,0,1,0,0,0,0,1,0,15,31,0
0,0,0,0,0,0,0,0,0,0,0,0,0,0,0,0,0,3,4,0
0,0,0,0,0,0,0,0,0,0,0,0,0,0,0,0,0,0,0,0
0,0,0,0,0,0,0,0,0,0,0,0,0,0,0,0,0,1,2,0
0,0,0,0,0,0,0,0,0,0,0,0,0,0,0,0,0,7,32,0
0,0,0,0,0,0,0,0,0,0,0,0,0,0,0,0,0,6,0,0
0,0,0,0,0,0,0,0,0,0,0,0,0,0,0,0,0,10,0,0
0,0,0,0,0,0,0,0,0,0,0,0,0,0,0,0,0,13,31,0
0,3,0,0,0,0,0,0,1,0,0,0,0,0,0,0,0,18,37,0
0,0,0,0,0,0,0,0,0,0,0,0,0,0,0,0,0,5,8,0
0,0,0,0,0,0,0,0,0,0,0,0,0,0,0,0,0,1,6,0
0,0,0,0,0,0,0,0,0,0,0,0,0,0,0,0,0,6,10,0
0,0,0,0,0,0,0,0,0,0,0,0,0,0,0,0,0,1,3,0
0,0,0,0,0,0,0,0,0,0,0,0,0,0,0,0,0,19,25,0
0,0,0,0,0,0,0,0,0,0,0,0,0,0,0,0,0,1,0,0
0,0,0,0,0,0,0,0,0,0,0,0,0,0,0,0,0,1,6,0
0,0,0,0,0,0,0,0,0,0,0,0,0,0,0,0,0,6,0,0
0,0,0,0,0,0,0,0,0,0,0,0,0,0,0,0,0,3,5,0
0,0,0,0,0,0,0,0,0,0,0,0,0,0,0,0,0,2,0,0
0,0,0,0,0,0,0,0,0,0,0,0,0,0,0,0,0,6,2,0
0,0,0,0,0,0,0,0,0,0,0,0,0,0,0,0,0,4,16,0
0,0,0,0,0,0,0,0,0,0,0,0,0,0,0,0,0,1,6,0
0,0,0,0,0,0,0,0,0,0,0,0,0,0,0,0,0,4,10,0
0,0,0,0,0,0,0,0,0,0,0,0,0,0,0,0,0,0,0,0
0,0,0,0,0,0,0,0,0,0,0,0,0,0,0,0,0,0,12,0
0,0,0,0,0,0,0,0,0,0,0,0,0,0,0,0,0,0,0,0
0,0,0,0,0,0,0,0,0,0,0,0,0,0,0,0,0,0,0,0
0,0,0,0,0,1,0,0,0,0,2,0,0,0,0,0,0,113,208,0
0,0,0,0,0,0,0,0,0,0,1,1,0,0,0,0,0,12,23,0
0,0,0,0,0,0,1,0,0,0,1,0,0,0,0,0,0,18,66,0
0,0,0,0,0,0,0,0,0,0,0,0,0,0,0,0,0,0,0,0
0,0,0,0,0,0,0,0,0,0,0,0,0,0,0,0,0,0,0,0
0,0,0,0,0,0,0,0,0,0,0,0,0,0,0,0,0,1,5,0
0,0,0,0,0,0,0,0,0,0,1,1,0,0,0,0,0,12,23,0
0,0,0,0,0,0,0,0,0,0,0,0,0,0,0,0,0,2,5,0
0,0,0,0,0,0,0,0,0,0,0,0,0,0,0,0,0,2,2,0
0,0,0,0,0,0,0,0,0,0,0,0,0,0,0,0,0,0,0,0
0,0,0,0,0,0,0,0,0,0,2,0,0,0,0,0,0,24,81,0
0,0,0,0,0,0,0,0,0,0,0,0,0,0,0,0,0,0,0,0
0,0,0,0,0,0,0,0,0,0,0,0,0,0,0,0,0,5,11,0
0,0,0,0,0,0,0,0,0,0,0,0,0,0,0,0,0,14,10,0
0,0,0,0,0,0,0,0,0,0,0,0,0,0,0,0,0,3,4,0
0,0,0,0,0,0,0,0,0,0,0,0,0,0,0,0,0,293,25,0
0,0,0,0,0,0,0,0,0,0,0,0,0,0,0,0,0,4,0,0
0,0,0,0,0,0,0,0,0,0,0,0,0,0,0,0,0,0,0,0
0,0,0,0,0,0,0,0,0,0,0,0,0,0,0,0,0,1,9,0
0,0,0,0,0,0,0,0,0,0,0,0,0,0,0,0,0,325,41,0
0,0,0,0,0,0,0,0,0,0,0,0,0,0,0,0,0,4,2,0
0,0,0,0,0,0,0,0,0,0,0,0,0,0,0,0,0,4,5,0
0,1,0,0,0,0,0,0,0,0,0,0,0,0,0,0,0,0,4,0
0,0,0,0,0,0,0,0,0,0,0,0,0,0,0,0,0,0,0,0
0,0,0,0,0,0,0,0,0,0,0,0,0,0,0,0,0,1,2,0
0,0,0,0,0,0,0,0,0,0,0,0,0,0,0,0,0,0,0,0
0,0,0,0,0,0,0,0,0,0,0,0,0,0,0,0,0,0,3,0
0,0,0,0,0,0,0,0,0,0,0,0,0,0,0,0,0,0,3,0
0,0,1,0,0,0,0,0,0,0,1,0,0,0,0,0,0,23,60,0
0,0,0,0,0,0,0,0,0,0,0,0,0,0,0,0,0,328,45,0
0,0,0,0,0,0,0,0,0,0,1,0,0,0,0,0,0,12,46,0
0,0,0,0,0,0,0,0,0,0,0,0,0,0,0,0,0,311,33,0
0,0,0,0,0,0,0,0,0,0,0,0,0,0,0,0,0,2,24,0
0,0,0,0,0,0,0,0,0,0,0,0,0,0,0,0,0,2,3,0
0,2,0,0,0,0,0,0,0,0,0,0,0,0,0,0,0,2,4,0
0,0,0,0,0,0,0,0,0,0,0,0,0,0,0,0,0,1,5,0
0,1,0,0,0,0,0,0,0,0,0,1,0,0,0,0,0,5,7,0
0,0,0,0,0,0,2,0,0,0,0,0,0,0,0,0,0,28,131,0
0,0,0,0,0,0,0,0,0,0,0,0,0,0,0,0,0,3,10,0
0,0,0,0,0,0,0,0,0,0,0,0,0,0,0,0,0,0,3,0
0,0,0,0,0,0,0,0,0,0,0,0,0,0,0,0,0,0,0,0
0,1,0,0,0,0,0,0,0,0,0,0,0,0,0,0,0,2,5,0
0,0,0,0,0,0,0,0,0,0,0,0,0,0,0,0,0,1,3,0
0,0,0,0,0,0,0,0,0,0,0,0,0,0,0,0,0,0,0,0
0,0,0,0,0,0,0,0,0,0,0,1,0,0,0,0,0,5,2,0
0,0,0,0,0,0,0,0,0,0,1,2,0,0,0,0,0,35,79,0
0,0,0,0,0,0,0,0,0,0,0,0,0,0,0,0,0,0,0,0
0,0,0,0,0,0,0,0,0,0,0,0,0,0,0,0,0,5,10,0
0,0,1,0,0,0,0,0,0,0,1,0,0,0,0,0,0,23,60,0
0,0,0,0,0,0,0,0,0,0,0,0,0,0,0,0,0,3,17,0
0,0,0,0,0,0,0,0,0,0,1,0,0,0,0,1,0,15,31,0
0,0,0,0,0,0,0,0,0,0,0,0,0,0,0,0,0,4,4,0
0,0,0,0,0,0,0,0,0,0,0,0,0,0,0,0,0,0,0,0
0,0,0,0,0,0,0,0,0,0,0,0,0,0,0,0,0,4,0,0
0,0,0,0,0,0,0,0,0,0,1,0,0,0,0,1,0,15,31,0
0,0,0,0,0,0,0,0,0,0,0,0,0,0,0,0,0,13,14,0
0,0,0,0,0,0,0,0,0,0,0,0,0,0,0,0,0,2,2,0
0,0,0,0,0,0,0,0,0,0,0,0,0,0,0,0,0,0,0,0
0,0,0,0,0,0,0,0,0,0,0,0,0,0,0,0,0,0,0,0
0,0,0,0,0,0,0,0,0,0,0,0,0,0,0,0,0,1,1,0
0,0,0,0,0,0,0,0,0,0,0,0,0,0,0,0,0,0,2,0
0,0,0,0,0,0,0,0,0,0,0,0,0,0,0,0,0,4,16,0
0,0,0,0,0,0,0,0,0,0,0,0,0,0,0,0,0,7,6,0
0,0,0,0,0,0,0,0,0,0,0,0,0,0,0,0,0,0,0,0
0,0,0,0,0,0,0,0,0,0,0,0,0,0,0,0,0,2,3,0
0,0,0,0,0,0,0,0,0,0,0,0,0,0,0,0,0,4,16,0
0,0,0,1,0,0,0,0,0,0,0,0,0,1,2,0,0,8,10,0
0,0,0,0,0,0,0,0,0,0,1,0,0,0,0,0,0,6,15,0
0,0,0,0,0,0,0,0,0,0,0,0,0,0,0,0,0,1,2,0
0,0,0,0,0,0,0,0,0,0,0,0,0,0,0,0,0,0,0,0
0,0,0,0,0,0,0,0,0,0,1,0,0,0,0,0,0,4,17,0
0,0,0,0,0,0,0,0,0,0,0,0,0,0,0,0,0,2,0,0
0,1,0,0,0,0,0,0,0,0,0,0,0,0,0,0,0,2,5,0
0,0,0,0,0,0,0,0,0,0,0,0,0,0,0,0,0,0,0,0
0,3,0,0,0,0,0,0,1,0,0,0,0,0,0,0,0,18,37,0
0,0,0,0,0,0,0,0,0,0,1,1,0,0,0,0,0,14,25,0
0,0,0,0,0,0,0,0,0,0,0,0,0,0,0,0,0,2,2,0
0,1,0,2,0,0,0,0,0,0,0,0,1,1,0,0,0,12,21,0
0,0,0,0,0,0,0,0,0,0,1,0,0,0,0,1,0,15,31,0
0,0,0,0,0,0,0,0,0,0,0,0,0,0,0,0,0,59,21,0
0,0,0,0,0,0,0,0,0,0,0,0,0,0,0,0,0,8,0,0
0,0,0,0,0,1,0,0,0,0,2,0,0,0,0,0,0,131,210,0
0,0,0,0,0,0,0,0,0,0,0,0,0,0,0,0,0,0,0,0
0,0,0,0,0,0,0,0,0,0,0,0,0,0,0,0,0,10,13,0
0,0,0,0,0,0,0,0,0,0,0,0,0,0,0,0,0,16,22,0
0,0,0,0,0,0,0,0,0,0,0,0,0,0,0,0,0,0,0,0
0,0,0,0,0,0,0,0,0,0,0,0,0,0,0,0,0,3,6,0
0,0,0,0,0,0,0,0,0,0,0,0,0,0,0,0,0,1,3,0
0,0,0,0,0,0,0,0,0,0,0,0,0,0,0,0,0,5,9,0
0,0,0,0,0,0,0,0,0,0,0,0,0,0,0,0,0,0,4,0
0,0,0,0,0,0,0,0,0,0,0,0,0,0,0,0,0,7,6,0
0,0,0,0,0,0,0,0,0,0,0,0,0,0,0,0,0,28,0,0
0,0,0,1,0,0,0,0,0,0,0,0,0,0,0,0,0,3,9,0
0,0,0,0,0,0,0,0,0,0,0,0,0,0,0,0,0,3,3,0
0,1,0,0,0,0,0,0,0,0,0,1,0,0,0,0,0,5,6,0
0,0,0,0,0,0,0,0,0,0,1,0,0,0,0,0,0,8,20,0
0,0,0,0,0,0,0,0,0,0,0,0,0,0,0,0,0,26,2,0
0,0,0,0,0,0,0,0,0,0,0,0,0,0,0,0,0,2,1,0
0,0,0,0,0,0,0,0,0,0,0,0,0,0,0,0,0,1,5,0
0,0,0,0,0,0,0,0,0,0,0,0,0,0,0,0,0,42,0,0
0,0,0,0,0,0,0,0,0,0,0,1,0,0,0,0,0,4,3,0
0,0,0,0,0,0,0,0,0,0,0,0,0,0,0,0,0,3,15,0
0,0,0,0,0,0,0,0,0,0,0,0,0,0,0,0,0,5,9,0
0,0,0,0,0,0,0,0,0,0,1,0,0,0,0,0,0,11,35,0
0,0,0,0,0,0,0,0,0,0,0,0,0,0,0,0,0,0,0,0
0,0,0,0,0,0,0,0,0,0,0,0,0,0,0,0,0,23,0,0
0,0,0,0,0,0,0,0,0,0,1,0,0,0,0,0,0,9,25,0
0,0,0,0,0,0,0,0,0,0,0,0,0,0,0,0,0,13,15,0
0,0,0,0,0,0,0,0,0,0,0,0,0,0,0,0,0,4,4,0
0,0,0,0,0,0,0,0,0,0,0,0,0,0,0,0,0,0,0,0
0,0,0,0,0,0,0,0,0,0,0,0,0,0,0,0,0,8,0,0
0,0,0,0,0,0,0,0,0,0,0,0,0,0,0,0,0,0,0,0
0,0,0,0,0,0,0,0,0,0,0,0,0,0,0,0,0,0,0,0
0,0,0,0,0,0,0,0,0,0,0,0,0,0,0,0,0,0,0,0
0,0,0,0,0,0,0,0,0,0,0,0,0,0,0,0,0,14,24,0
0,2,0,0,0,0,0,0,0,0,0,0,0,0,0,0,0,7,7,0
0,0,0,0,0,0,0,0,0,0,0,0,0,0,0,0,0,1,2,0
0,0,0,0,0,0,0,0,0,0,1,1,0,0,0,0,0,10,19,0
0,0,0,0,0,1,0,0,0,0,2,0,0,0,0,0,0,97,178,0
0,0,0,0,0,0,0,0,0,0,0,0,0,0,0,0,0,5,1,0
0,0,0,0,0,0,0,0,0,0,0,0,0,0,0,0,0,8,18,0
0,0,0,0,0,0,0,0,0,0,0,0,0,0,0,0,0,2,10,0
0,0,0,0,0,0,0,0,0,0,0,0,0,0,0,0,0,0,0,0
0,0,0,0,0,0,0,0,0,0,0,0,0,0,0,0,0,3,2,0
0,0,0,0,0,0,0,0,0,0,0,0,0,0,0,0,0,0,0,0
0,0,0,0,0,0,0,0,0,0,0,0,0,0,0,0,0,1,5,0
0,0,0,0,0,0,0,0,0,0,0,0,0,0,0,0,0,4,4,0
0,0,0,0,0,0,0,0,0,0,0,0,0,0,0,0,0,4,16,0
0,0,1,0,0,0,0,0,0,0,0,0,0,0,0,0,0,1,2,0
0,0,0,0,0,0,0,0,0,0,0,0,0,0,0,0,0,335,45,0
0,0,0,0,0,0,0,0,0,0,0,0,0,0,0,0,0,0,2,0
0,0,0,0,0,0,0,0,0,0,0,0,0,0,0,0,0,0,1,0
0,0,0,0,0,0,0,0,0,0,0,0,0,0,0,0,0,2,2,0
0,0,0,0,0,0,0,0,0,0,1,0,0,0,0,1,0,15,31,0
0,0,0,0,0,0,0,0,0,0,0,0,0,0,0,0,0,1,6,0
0,0,0,0,0,0,0,0,0,0,0,0,0,0,0,0,0,13,19,0
0,0,0,0,0,0,0,0,0,0,0,0,0,0,0,0,0,18,5,0
0,0,0,0,0,0,0,0,0,0,0,0,0,0,0,0,0,1,3,0
0,1,0,0,0,0,0,0,0,0,0,0,0,0,0,0,0,2,5,0
0,0,0,0,0,0,0,0,0,0,0,2,0,0,0,0,0,0,11,0
0,2,0,0,0,0,0,0,0,0,0,0,0,0,0,0,0,2,7,0
0,0,0,0,0,0,0,0,0,0,0,0,0,0,0,0,0,14,15,0
0,0,0,0,0,0,0,0,0,0,0,0,0,0,0,0,0,3,3,0
0,0,0,0,0,0,0,0,0,0,0,0,0,0,0,0,0,14,10,0
0,0,0,0,0,0,0,0,0,0,0,0,0,0,0,0,0,0,0,0
0,0,0,0,0,0,0,0,0,0,1,1,0,0,0,0,0,12,23,0
0,0,0,0,0,0,0,0,0,0,0,0,0,0,0,0,0,0,0,0
0,0,0,0,0,0,0,0,0,0,0,0,0,0,0,0,0,0,0,0
0,0,0,0,0,0,0,0,0,0,0,0,0,0,0,0,0,1,2,0
0,0,0,0,0,0,0,0,0,0,0,0,0,0,0,0,0,4,16,0
0,0,0,0,0,0,0,0,0,0,0,0,0,0,0,0,0,14,16,0
0,0,0,0,0,0,0,0,0,0,0,0,0,0,0,0,0,0,0,0
0,0,0,0,0,0,0,0,0,0,0,0,0,0,0,0,0,3,4,0
0,0,0,0,0,0,0,0,0,0,0,0,0,0,0,1,0,5,2,0
0,0,0,0,0,0,0,0,0,0,0,0,0,0,0,0,0,0,0,0
0,0,0,0,0,0,0,0,0,0,0,0,0,0,0,0,0,39,56,0
0,1,0,2,0,0,0,0,0,0,0,0,1,1,0,0,0,11,21,0
0,0,0,0,0,0,0,0,0,0,0,0,0,0,0,0,0,0,0,0
0,0,0,0,0,0,0,0,0,0,0,0,0,0,0,0,0,299,25,0
0,0,0,0,0,0,0,0,0,0,0,0,0,0,0,0,0,24,0,0
0,0,0,0,0,0,0,0,0,0,0,0,0,0,0,0,0,3,4,0
0,0,0,0,0,0,0,0,0,0,1,0,0,0,0,0,0,8,21,0
0,0,0,0,0,0,0,0,0,0,0,0,0,0,0,0,0,3,3,0
0,0,0,0,0,0,0,0,0,0,0,0,0,0,0,0,0,22,26,0
0,0,0,0,0,0,0,0,0,0,0,0,0,0,0,0,0,1,1,0
0,0,0,0,0,0,0,0,0,0,0,0,0,0,0,0,0,4,4,0
0,0,0,0,0,0,0,0,0,0,1,0,0,2,0,0,0,7,28,0
0,0,0,0,0,0,0,0,0,0,0,0,0,0,0,0,0,0,0,0
0,0,0,0,0,0,0,0,0,0,0,0,0,0,0,0,0,1,5,0
0,0,0,0,0,0,0,0,0,0,0,0,0,0,0,0,0,1,1,0
0,0,0,0,0,0,0,0,0,0,0,0,0,0,0,0,0,0,0,0
0,0,0,0,0,0,0,0,0,0,0,0,0,0,0,0,0,2,3,0
0,0,0,0,0,0,0,0,0,0,0,0,0,0,0,0,0,9,44,0
0,0,0,0,0,0,0,0,0,0,0,0,0,0,0,0,0,2,10,0
0,0,0,0,0,0,0,0,0,0,0,0,0,0,0,0,0,0,0,0
0,0,0,0,0,0,0,0,0,0,0,0,0,0,0,0,0,4,16,0
0,0,0,0,0,0,0,0,0,0,0,0,0,0,0,0,0,23,2,0
0,0,0,0,0,0,0,0,0,0,0,0,0,0,0,0,0,0,0,0
0,0,0,0,0,0,0,0,0,0,0,0,0,0,0,0,0,5,4,0
0,0,0,0,0,0,0,0,0,0,0,0,0,0,0,0,0,8,10,0
0,0,0,0,0,1,0,0,0,0,2,0,0,0,0,0,0,113,208,0
0,0,0,0,0,0,0,0,0,0,0,0,0,0,0,0,0,0,3,0
0,0,0,0,0,0,0,0,0,0,0,0,0,0,0,0,0,0,0,0
0,0,0,0,0,0,0,0,0,0,0,0,0,0,0,0,0,6,13,0
0,0,0,0,0,0,0,0,0,0,0,0,0,0,0,0,0,4,4,0
0,0,0,0,0,0,0,0,0,0,1,1,0,0,0,0,0,12,23,0
0,0,0,0,0,0,0,0,0,0,1,0,0,0,0,0,0,12,46,0
0,0,0,0,0,0,0,0,0,0,0,0,0,0,0,0,0,1,2,0
0,0,0,0,0,0,0,0,0,0,1,1,0,0,0,0,0,12,23,0
0,0,0,0,0,0,0,0,0,0,1,0,0,0,0,0,0,4,24,0
0,0,0,0,0,0,0,0,0,0,0,0,0,0,0,0,0,4,4,0
0,1,0,0,0,1,0,0,0,0,0,0,0,0,0,0,0,5,21,0
0,0,0,0,0,0,1,0,1,0,0,0,0,0,0,0,0,28,70,0
0,0,0,0,0,0,0,0,0,0,0,0,0,0,0,0,0,0,0,0
0,0,0,0,0,0,0,0,0,0,0,0,0,0,0,0,0,1,5,0
0,0,0,0,0,0,0,0,0,0,0,0,0,0,0,0,0,1,0,0
0,0,0,0,0,0,0,0,0,0,0,0,0,0,0,0,0,0,0,0
0,0,0,0,0,0,0,0,0,0,0,0,0,0,0,0,0,31,39,0
0,0,0,0,0,0,0,0,0,0,0,0,0,0,0,0,0,6,11,0
0,0,0,0,0,0,0,0,0,0,0,0,0,0,0,0,0,1,8,0
0,0,0,0,0,0,0,0,0,0,0,0,0,0,0,0,0,1,5,0
0,0,0,0,0,0,0,0,0,0,0,0,0,0,0,0,0,2,2,0
0,0,0,0,0,0,0,0,0,0,0,0,0,0,0,0,0,0,0,0
0,0,0,0,0,0,0,0,0,0,0,0,0,0,0,0,0,389,69,0
0,0,0,0,0,0,0,0,0,0,0,0,0,0,0,0,0,8,17,0
0,0,0,0,0,0,0,0,0,0,1,1,0,0,0,0,0,14,25,0
0,0,0,0,0,0,0,0,0,0,0,0,0,0,0,0,0,0,0,0
0,0,0,0,0,0,0,0,0,0,0,0,0,0,0,0,0,0,0,0
0,0,0,0,0,0,0,0,0,0,0,0,0,0,0,0,0,0,0,0
0,0,0,0,0,0,5,0,0,0,0,13,0,0,0,2,0,132,215,0
0,0,0,0,0,0,0,0,0,0,0,0,0,0,0,0,0,2,22,0
0,0,0,0,0,0,0,0,0,0,0,0,0,0,0,0,0,4,5,0
0,1,0,0,0,0,0,0,0,0,0,0,0,0,0,0,0,1,2,0
0,0,0,0,0,0,0,0,0,0,0,0,0,0,0,0,0,1,1,0
0,0,0,0,0,0,0,0,0,0,0,0,0,0,0,0,0,2,1,0
0,0,0,0,0,0,0,0,0,0,0,0,0,0,0,0,0,0,0,0
0,0,0,0,0,0,0,0,0,0,0,0,0,0,0,0,0,7,6,0
0,0,0,0,0,0,0,0,0,0,0,0,0,0,0,0,0,3,3,0
0,0,0,0,0,0,0,0,0,0,0,0,0,0,0,0,0,1,2,0
0,0,0,0,0,0,0,0,0,0,0,0,0,0,0,0,0,12,0,0
0,0,0,0,0,0,0,0,0,0,0,0,0,0,0,0,0,0,0,0
0,0,0,0,0,0,0,0,0,0,0,0,0,0,0,0,0,6,10,0
0,0,0,0,0,0,0,0,0,0,0,0,0,0,0,0,0,5,25,0
0,0,0,0,0,0,0,0,0,0,0,0,0,0,0,0,0,0,4,0
0,0,0,0,0,0,0,0,0,0,0,0,0,0,0,0,0,0,0,0
0,0,0,0,0,0,0,0,0,0,1,0,0,0,0,0,0,14,21,0
0,0,0,0,0,0,0,0,0,0,0,0,0,0,0,0,0,4,4,0
0,0,0,0,0,0,0,0,0,0,1,0,0,0,0,0,0,4,24,0
0,0,0,0,0,0,0,0,0,0,0,0,0,0,0,0,0,1,3,0
0,0,0,0,0,0,0,0,0,0,1,1,0,0,0,0,0,18,42,0
0,0,0,0,0,0,0,0,0,0,0,0,0,0,0,0,0,0,0,0
0,0,0,0,0,0,0,0,0,0,0,0,0,0,0,0,0,7,9,0
0,0,0,0,0,0,0,0,0,0,0,0,0,0,0,0,0,4,16,0
0,0,0,0,0,0,0,0,0,0,0,0,0,0,0,0,0,2,5,0
0,0,0,0,0,0,0,0,0,0,0,0,0,0,0,0,0,1,8,0
0,0,0,0,0,0,0,0,0,0,0,0,0,0,0,0,0,0,0,0
0,0,0,0,0,0,0,0,0,0,0,0,0,0,0,0,0,6,0,0
0,0,0,0,0,0,0,0,0,0,0,0,0,0,0,0,0,2,0,0
0,0,0,0,0,0,0,0,0,0,0,1,0,0,0,0,0,5,2,0
0,0,0,0,0,0,0,0,0,0,0,0,0,0,0,0,0,72,101,0
0,0,0,0,0,0,0,0,0,0,1,0,0,0,0,0,0,12,46,0
0,0,0,0,0,0,0,0,0,0,1,1,0,0,0,0,0,9,24,0
0,1,0,0,0,0,0,0,0,0,0,0,0,0,0,0,0,6,8,0
0,0,0,0,0,0,0,0,0,0,0,0,0,0,0,0,0,12,0,0
0,0,0,0,0,0,0,0,0,0,0,0,0,0,0,0,0,3,3,0
0,0,0,0,0,0,0,0,0,0,0,0,0,0,0,0,0,0,0,0
0,0,0,0,0,0,0,0,0,0,0,0,0,0,0,0,0,1,6,0
0,0,0,0,0,0,0,0,0,0,0,0,0,0,0,0,0,4,4,0
0,0,0,0,0,0,0,0,0,0,2,0,0,0,0,0,0,2,4,0
0,3,0,0,0,0,0,0,0,0,0,0,0,0,0,0,0,26,33,0
0,0,0,0,0,0,0,0,0,0,1,0,0,0,0,0,0,14,47,0
0,0,0,0,0,0,0,0,0,0,0,0,0,0,0,0,0,0,0,0
0,0,0,0,0,0,0,0,0,0,0,0,0,0,0,0,0,4,16,0
0,0,0,0,0,0,0,0,0,0,0,0,0,0,0,0,0,0,4,0
0,0,0,0,0,0,0,0,0,0,0,0,0,0,0,0,0,0,0,0
0,0,0,0,0,0,0,0,0,0,0,0,0,0,0,0,0,0,0,0
0,0,0,0,0,0,0,0,0,0,0,0,0,0,0,0,0,1,3,0
0,0,0,0,0,0,0,0,0,0,1,0,0,0,0,0,0,6,15,0
0,0,0,0,0,0,0,0,0,0,0,0,0,0,0,0,0,0,0,0
0,0,0,0,0,0,0,0,0,0,0,0,0,0,0,0,0,4,16,0
0,0,0,0,0,0,0,0,0,0,0,0,0,0,0,0,0,4,0,0
0,0,0,0,0,0,0,0,0,0,0,0,0,0,0,0,0,0,0,0
0,0,0,0,0,0,0,0,0,0,0,0,0,0,0,0,0,0,0,0
0,0,0,0,0,0,0,0,0,0,0,0,0,0,0,0,0,2,2,0
0,0,0,0,0,0,0,0,0,0,0,0,0,0,0,0,0,2,3,0
0,0,0,0,0,0,0,0,0,0,0,0,0,0,0,0,0,18,37,0
0,0,0,0,0,0,0,0,0,0,0,0,0,0,0,0,0,9,11,0
0,0,0,0,0,0,0,0,0,0,0,0,0,0,0,0,0,1,5,0
0,0,0,0,0,0,0,0,0,0,0,0,0,0,0,0,0,9,44,0
0,0,0,0,0,0,0,0,0,0,0,0,0,0,0,0,0,14,10,0
0,0,0,0,0,0,0,0,0,0,0,0,0,0,0,0,0,4,16,0
0,0,0,0,0,0,0,0,0,0,0,0,0,0,0,0,0,7,23,0
0,0,0,0,0,0,0,0,0,0,0,0,0,0,0,0,0,0,0,0
0,0,0,0,0,0,0,0,0,0,0,0,0,0,0,0,0,4,0,0
0,0,0,0,0,0,0,0,0,0,0,0,0,0,0,0,0,6,7,0
0,0,0,0,0,0,0,0,0,0,0,0,0,0,0,0,0,2,0,0
0,0,0,0,0,0,0,0,0,0,0,0,0,0,0,0,0,1,0,0
0,0,0,0,0,0,0,0,0,0,0,0,0,0,0,0,0,0,0,0
0,0,0,0,0,0,0,0,0,0,0,0,0,0,0,0,0,0,0,0
0,0,0,0,0,0,0,0,0,0,0,0,0,0,0,0,0,4,1,0
0,1,0,0,0,0,1,0,1,0,0,3,0,1,0,0,0,50,86,0
0,0,0,0,0,0,2,0,1,0,2,4,0,0,0,0,0,71,189,0
0,0,0,0,0,0,0,0,0,0,0,0,0,0,0,0,0,0,0,0
0,1,0,0,0,0,0,0,0,0,0,0,0,0,0,0,0,6,8,0
0,0,0,0,0,0,0,0,0,0,0,0,0,0,0,0,0,2,19,0
0,0,0,0,0,0,0,0,0,0,0,0,0,0,0,0,0,1,6,0
0,0,0,0,0,0,0,0,0,0,0,0,0,0,0,0,0,0,0,0
0,0,0,0,0,0,0,0,0,0,0,0,0,0,0,0,0,9,44,0
0,0,0,0,0,0,0,0,0,0,0,0,0,0,0,0,0,0,0,0
0,0,0,0,0,1,0,0,0,0,2,0,0,0,0,0,0,99,174,0
0,0,0,0,0,0,0,0,0,0,0,0,0,0,0,0,0,4,0,0
0,0,0,0,0,0,0,0,0,0,0,0,0,0,0,0,0,0,1,0
0,0,0,0,0,0,0,0,0,0,0,0,0,0,0,0,0,0,0,0
0,0,0,0,0,0,0,0,0,0,0,0,0,0,0,0,0,0,0,0
0,0,0,0,0,0,0,0,0,0,0,0,0,0,0,0,0,9,27,0
0,0,0,0,0,0,0,0,0,0,0,0,0,0,0,0,0,27,28,0
0,0,0,0,0,0,0,0,0,0,0,0,0,0,1,1,0,3,9,0
0,0,0,0,0,0,0,0,0,0,1,1,0,0,0,0,0,12,23,0
0,0,0,0,0,0,0,0,0,0,0,0,0,0,0,0,0,3,3,0
0,0,0,0,0,0,0,0,0,0,0,0,0,0,0,0,0,1,5,0
0,0,0,0,0,0,0,0,0,0,0,0,0,0,0,0,0,0,2,0
0,0,0,0,0,0,0,0,0,0,0,0,0,0,0,0,0,3,0,0
0,0,0,0,0,0,0,0,0,0,0,0,0,0,0,0,0,1,6,0
0,3,0,0,0,0,0,0,1,0,0,0,0,0,0,0,0,14,36,0
0,0,0,0,0,0,0,0,0,0,0,0,0,0,0,0,0,1,3,0
0,0,0,0,0,0,0,0,0,0,0,0,0,0,0,0,0,2,15,0
0,0,0,0,0,0,0,0,0,0,0,0,0,0,0,0,0,19,28,0
0,0,0,0,0,0,0,0,0,0,0,0,0,0,0,0,0,10,25,0
0,0,0,0,0,0,0,0,0,0,0,0,0,0,0,0,0,8,0,0
0,0,0,0,0,0,0,0,0,0,0,0,0,0,0,0,0,9,26,0
0,0,0,0,0,0,0,0,0,0,0,0,0,0,0,0,0,4,4,0
0,0,0,0,0,0,0,0,0,0,0,0,0,0,0,0,0,2,0,0
0,0,0,0,0,0,0,0,0,0,0,0,0,0,0,0,0,29,0,0
0,0,0,0,0,0,0,0,0,0,0,0,0,0,0,0,0,17,30,0
0,0,0,0,0,0,0,0,0,0,0,0,0,0,0,0,0,0,1,0
0,0,0,0,0,0,0,0,0,0,1,0,0,0,0,0,0,4,24,0
0,0,0,0,0,0,0,0,0,0,1,0,0,0,0,0,0,16,45,0
0,0,0,0,0,0,0,0,0,0,0,0,0,0,0,0,0,4,13,0
0,0,0,0,0,0,0,0,0,0,0,0,0,0,0,0,0,0,0,0
0,0,0,0,0,0,0,0,0,0,0,0,0,0,0,0,0,5,2,0
0,0,0,0,0,0,0,0,0,0,0,0,0,0,0,0,0,364,65,0
0,0,0,0,0,0,0,0,0,0,1,0,0,0,0,0,0,6,15,0
0,0,0,0,0,0,0,0,0,0,0,0,0,0,0,0,0,1,3,0
0,0,0,0,0,0,0,0,0,0,1,0,0,0,0,0,0,4,24,0
0,0,0,0,0,0,0,0,0,0,0,0,0,0,0,0,0,5,14,0
0,0,0,0,0,0,0,0,0,0,0,0,0,0,0,0,0,0,0,0
0,0,1,0,0,0,0,0,0,0,1,0,0,0,0,0,0,23,60,0
0,0,0,0,0,0,0,0,0,0,0,0,0,0,0,0,0,2,1,0
0,0,0,0,0,0,0,0,0,0,0,0,0,0,0,0,0,0,1,0
0,0,0,0,0,0,0,0,0,0,0,0,0,0,0,0,0,1,5,0
0,0,0,0,0,0,0,0,0,0,0,0,0,0,0,0,0,313,37,0
0,0,0,0,0,0,0,0,0,0,0,0,0,0,0,0,0,4,16,0
0,0,0,0,0,0,0,0,0,0,1,0,0,0,0,0,0,9,21,0
0,0,0,0,0,0,0,0,0,0,0,0,0,0,0,0,0,414,97,0
0,0,0,0,0,0,0,0,0,0,1,1,0,0,0,0,0,13,62,0
0,0,0,0,0,0,0,0,0,0,0,0,0,0,0,0,0,0,0,0
0,0,0,0,0,0,0,0,0,0,0,0,0,0,0,0,0,1,5,0
0,0,0,0,0,0,0,0,0,0,0,0,0,0,0,0,0,9,44,0
0,0,0,0,0,0,0,0,0,0,0,0,0,0,0,0,0,13,21,0
0,0,0,0,0,0,0,0,0,0,0,0,0,0,0,0,0,0,0,0
0,0,0,0,0,0,0,0,0,0,0,0,0,0,0,0,0,4,5,0
0,0,0,0,0,0,0,0,0,0,0,0,0,0,0,0,0,3,13,0
0,0,0,0,0,0,0,0,0,0,0,0,0,0,0,0,0,0,0,0
0,0,0,0,0,0,7,0,2,0,2,6,0,0,0,3,0,439,1827,0
0,18,0,0,0,0,3,0,0,0,0,0,0,0,4,0,0,120,239,0
0,0,0,0,0,0,0,0,0,0,0,0,0,0,0,0,0,0,0,0
0,0,0,0,0,0,0,0,0,0,0,0,0,0,0,0,0,1,6,0
0,0,0,0,0,0,0,0,0,0,0,0,0,0,0,0,0,5,17,0
0,0,0,0,0,0,0,0,0,0,0,0,0,0,0,0,0,6,13,0
0,0,0,0,0,0,0,0,0,0,0,0,0,0,0,0,0,1,1,0
0,0,0,0,0,0,0,0,0,0,0,0,0,0,0,0,0,0,0,0
0,0,0,0,0,0,1,0,0,0,1,0,0,0,0,0,0,18,66,0
0,0,0,0,0,0,0,0,0,0,0,0,0,0,0,0,0,3,3,0
0,1,0,0,0,0,0,0,0,0,0,0,0,0,0,0,0,6,8,0
0,0,0,0,0,0,0,0,0,0,0,0,0,0,0,0,0,0,0,0
0,0,0,0,0,0,0,0,0,0,0,0,0,0,0,0,0,2,3,0
0,0,0,0,0,0,0,0,0,0,0,0,0,0,0,0,0,311,33,0
0,0,0,0,0,0,0,0,0,0,0,0,0,0,0,0,0,0,3,0
0,0,0,0,0,0,0,0,0,0,0,0,0,0,0,0,0,2,0,0
0,1,0,0,0,0,0,0,0,0,0,0,0,0,0,0,0,15,25,0
0,0,0,0,0,0,0,0,0,0,1,0,0,0,0,0,0,6,21,0
0,0,0,0,0,0,0,0,0,0,1,0,0,0,0,0,0,7,41,0
0,0,0,1,0,0,0,0,0,0,0,0,0,1,0,0,0,5,8,0
0,0,0,0,0,0,0,0,0,0,0,0,0,0,0,0,0,0,0,0
0,0,0,0,0,0,0,0,0,0,0,0,0,0,0,0,0,15,2,0
0,0,0,0,0,0,0,0,0,0,0,0,0,0,0,0,0,14,16,0
0,0,0,0,0,0,0,0,0,0,0,0,0,0,0,0,0,0,0,0
0,0,0,0,0,0,0,0,0,0,0,0,0,0,0,0,0,2,2,0
0,0,0,0,0,0,0,0,0,0,0,0,0,0,0,0,0,9,44,0
0,0,0,0,0,0,0,0,0,0,0,0,0,0,0,0,0,311,33,0
0,0,0,0,0,0,0,0,0,0,1,0,0,0,0,0,0,12,46,0
0,0,0,0,0,0,0,0,0,0,0,0,0,0,0,0,0,0,0,0
0,0,0,0,0,0,1,0,0,0,1,0,0,0,0,0,0,18,66,0
0,1,0,0,0,0,0,0,0,0,0,0,0,0,0,0,0,13,10,0
0,0,0,0,0,0,0,0,0,0,0,0,0,0,0,0,0,13,44,0
0,0,0,0,0,0,0,0,0,0,0,0,0,0,0,0,0,0,0,0
0,1,0,0,0,0,0,0,0,0,0,0,0,0,1,0,0,39,112,0
0,0,0,0,0,0,0,0,0,0,1,1,0,0,0,0,0,12,23,0
0,0,0,0,0,0,0,0,0,0,0,0,0,0,0,0,0,10,13,0
0,0,0,0,0,0,1,0,1,0,0,0,0,0,0,0,0,28,70,0
0,0,0,0,0,0,0,0,0,0,0,0,0,0,0,0,0,0,0,0
0,0,0,0,0,0,0,0,0,0,0,0,0,0,0,0,0,0,1,0
0,0,0,0,0,0,0,0,0,0,0,0,0,0,0,0,0,3,2,0
0,0,0,0,0,0,0,0,0,0,0,0,0,0,0,0,0,2,2,0
0,0,0,0,0,0,0,0,0,0,0,0,0,0,0,0,0,0,0,0
0,0,0,0,0,0,0,0,0,0,0,0,0,0,0,0,0,0,0,0
0,0,0,0,0,0,0,0,0,0,0,0,0,0,0,0,0,14,23,0
0,0,0,0,0,0,0,0,0,0,0,0,0,0,0,0,0,0,0,0
0,0,0,0,0,0,0,0,0,0,0,0,0,0,0,0,0,7,6,0
0,0,0,0,0,0,0,0,0,0,0,0,0,0,0,0,0,4,0,0
0,0,0,0,0,0,0,0,0,0,0,0,0,0,0,0,0,16,22,0
0,0,0,0,0,0,0,0,0,0,0,0,0,0,0,0,0,5,0,0
0,0,0,0,0,0,0,0,0,0,0,0,0,0,0,0,0,16,32,0
0,0,0,0,0,0,0,0,0,0,0,0,0,0,0,0,0,2,2,0
0,0,0,0,0,0,0,0,0,0,0,0,0,0,0,0,0,3,3,0
0,1,0,0,0,0,0,0,0,0,0,0,0,0,0,0,0,2,5,0
0,0,0,0,0,0,0,0,0,0,0,0,0,0,0,0,0,4,4,0
0,0,0,0,0,2,0,0,0,0,2,0,0,0,0,0,0,45,106,0
0,0,0,0,0,0,0,0,0,0,0,0,0,0,0,0,0,325,41,0
0,0,0,0,0,0,0,0,0,0,0,0,0,0,0,0,0,1,3,0
0,0,0,0,0,0,0,0,0,0,0,0,0,0,0,0,0,0,0,0
0,0,0,0,0,0,0,0,0,0,0,0,0,0,0,0,0,1,3,0
0,0,0,0,0,0,0,0,0,0,0,0,0,0,0,0,0,1,10,0
0,0,0,0,0,0,0,0,0,0,0,0,0,0,0,0,0,10,13,0
0,0,0,0,0,0,0,0,0,0,0,0,0,0,0,0,0,4,4,0
0,0,0,0,0,0,0,0,0,0,0,0,0,0,0,0,0,3,6,0
0,0,0,0,0,0,0,0,0,0,0,4,0,0,2,0,0,0,18,0
0,0,0,0,0,0,0,0,0,0,0,0,0,0,0,0,0,0,0,0
0,0,0,0,0,0,0,0,0,0,0,0,0,0,0,0,0,0,0,0
0,0,0,0,0,0,0,0,0,0,0,0,0,0,0,0,0,4,10,0
0,1,0,0,0,0,0,0,0,0,0,0,0,0,0,0,0,1,2,0
0,0,0,0,0,0,0,0,0,0,0,5,0,0,0,0,0,2,13,0
0,0,0,0,0,0,0,0,0,0,0,0,0,0,0,0,0,32,0,0
0,0,0,0,0,0,0,0,0,0,0,0,0,0,0,0,0,0,0,0
0,0,0,0,0,0,0,0,0,0,0,0,0,0,0,0,0,385,69,0
0,1,0,0,0,0,0,0,0,0,0,1,0,0,0,0,0,5,7,0
0,0,0,0,0,0,0,0,0,0,0,0,0,0,0,0,0,1,2,0
0,0,0,0,0,0,0,0,0,0,0,0,0,0,0,0,0,20,8,0
0,0,0,0,0,0,0,0,0,0,1,0,0,0,0,0,0,6,23,0
0,1,0,2,0,0,0,0,0,0,0,0,1,1,0,0,0,12,21,0
0,0,0,0,0,0,0,0,0,0,1,1,0,0,0,0,0,10,22,0
0,0,0,0,0,0,0,0,0,0,0,0,0,0,0,0,0,7,6,0
0,0,0,0,0,0,0,0,0,0,0,0,0,0,0,0,0,0,0,0
0,1,0,0,0,0,0,0,0,0,0,0,0,0,0,0,0,6,8,0
0,0,0,0,0,0,0,0,0,0,1,0,0,0,0,1,0,15,31,0
0,0,0,0,0,0,0,0,0,0,1,1,0,0,0,0,0,17,41,0
0,0,0,0,0,0,0,0,0,0,0,0,0,0,0,0,0,7,6,0
0,0,0,0,0,0,0,0,0,0,0,0,0,0,0,0,0,0,0,0
0,0,0,1,0,0,0,0,0,0,0,0,0,1,2,0,0,8,10,0
0,0,0,0,0,0,0,0,0,0,0,0,0,0,0,0,0,0,0,0
0,0,0,0,0,0,0,0,0,0,0,0,1,0,0,0,0,2,23,0
0,0,0,0,0,0,0,0,0,0,0,0,0,0,0,0,0,2,5,0
0,0,0,0,0,0,0,0,0,0,0,0,0,0,0,0,0,0,0,0
0,1,0,0,0,0,0,0,0,0,0,0,0,0,0,0,0,3,7,0
0,0,0,0,0,0,0,0,0,0,1,1,0,0,0,0,0,12,23,0
0,0,0,0,0,0,0,0,0,0,0,0,0,0,0,0,0,0,1,0
0,0,0,0,0,0,0,0,0,0,0,0,0,0,0,0,0,4,4,0
0,0,0,0,0,0,0,0,0,0,0,0,0,0,0,0,0,2,0,0
0,0,0,0,0,0,0,0,0,0,0,0,0,0,0,0,0,4,4,0
0,0,0,0,0,0,0,0,0,0,1,0,0,0,0,0,0,11,46,0
0,0,0,0,0,0,0,0,0,0,0,0,0,0,0,0,0,16,29,0
0,0,0,2,0,0,3,0,0,0,5,1,0,0,0,0,0,100,223,0
0,0,0,0,0,0,0,0,0,0,0,0,0,0,0,0,0,0,1,0
0,0,0,0,0,0,0,0,0,0,0,0,0,0,0,0,0,14,3,0
0,0,0,0,0,0,0,0,0,0,0,0,0,0,0,0,0,0,0,0
0,1,0,0,0,0,0,0,0,0,0,0,0,0,0,0,0,0,3,0
0,0,0,0,0,0,0,0,0,0,0,0,0,0,0,0,0,8,1,0
0,0,0,0,0,0,0,0,0,0,0,0,0,0,0,0,0,0,0,0
0,1,0,2,0,0,0,0,0,0,0,0,1,1,0,0,0,11,21,0
0,0,0,0,0,0,0,0,0,0,0,0,0,0,0,0,0,0,0,0
0,0,0,0,0,0,0,0,0,0,0,0,0,0,0,0,0,1,1,0
0,0,0,0,0,0,0,0,0,0,0,0,0,0,0,0,0,2,3,0
0,0,0,0,0,0,0,0,0,0,0,0,0,0,0,0,0,9,44,0
0,0,0,0,0,0,0,0,0,0,0,0,0,0,0,0,0,2,0,0
0,0,0,0,0,0,0,0,0,0,0,0,0,0,0,0,0,2,4,0
0,0,0,0,0,0,0,0,0,0,0,0,0,0,0,0,0,0,0,0
0,0,0,1,0,0,0,0,0,0,0,0,0,1,2,0,0,8,10,0
0,0,0,2,0,0,0,0,0,0,0,0,1,1,0,0,0,8,20,0
0,0,0,0,0,0,0,0,0,0,0,0,0,0,0,0,0,3,2,0
0,0,0,0,0,0,0,0,0,0,0,0,0,0,0,0,0,4,2,0
0,0,0,0,0,0,0,0,0,0,0,0,0,0,0,0,0,4,4,0
0,0,0,0,0,0,0,0,0,0,0,0,0,0,0,0,0,0,0,0
0,0,0,0,0,0,0,0,0,0,0,0,0,0,0,1,0,2,1,0
0,0,0,0,0,0,0,0,0,0,0,0,0,0,0,0,0,1,6,0
0,0,0,0,0,0,0,0,0,0,0,0,0,0,0,0,0,0,0,0
0,0,0,0,0,0,0,0,0,0,1,1,0,0,0,0,0,12,23,0
0,0,0,0,0,0,0,0,0,0,0,0,0,0,0,0,0,4,16,0
0,0,0,0,0,0,0,0,0,0,1,0,0,0,0,1,0,15,31,0
0,0,0,0,0,0,0,0,0,0,1,1,0,0,0,0,0,19,43,0
0,0,0,0,0,0,0,0,0,0,0,0,0,0,0,0,0,2,0,0
0,0,0,0,0,0,0,0,0,0,0,0,0,0,0,0,0,1,2,0
0,0,0,0,0,0,0,0,0,0,0,0,0,0,0,0,0,4,16,0
0,0,0,0,0,0,0,0,0,0,0,0,0,0,0,0,0,323,37,0
0,0,0,0,0,0,0,0,0,0,0,0,0,0,0,0,0,4,4,0
0,0,0,0,0,0,0,0,0,0,0,0,0,0,0,0,0,0,0,0
0,0,0,0,0,0,0,0,0,0,0,0,0,0,0,0,0,2,2,0
0,0,0,0,0,0,0,0,0,0,0,0,0,0,0,0,0,9,13,0
0,0,0,0,0,0,0,0,0,0,0,0,0,0,0,0,0,12,0,0
0,1,0,0,0,0,0,0,0,0,0,0,0,0,0,0,0,6,8,0
0,0,0,0,0,0,0,0,0,0,1,0,0,0,0,1,0,15,31,0
0,1,0,0,0,0,0,0,0,0,0,1,0,0,0,0,0,5,7,0
0,0,0,0,0,0,0,0,0,0,0,0,0,0,0,0,0,4,4,0
0,0,0,0,0,0,0,0,0,0,0,0,0,0,0,0,0,50,69,0
0,0,0,0,0,0,0,0,0,0,0,0,0,0,0,0,0,9,0,0
0,0,0,0,0,0,0,0,0,0,0,0,0,0,0,0,0,7,6,0
0,0,0,0,0,0,0,0,0,0,0,0,0,0,0,0,0,305,33,0
0,0,0,0,0,0,0,0,0,0,1,1,0,0,0,0,0,15,27,0
0,0,0,0,0,0,0,0,0,0,0,0,0,0,0,0,0,0,1,0
0,0,0,0,0,0,0,0,0,0,0,0,0,0,0,0,0,4,4,0
0,0,0,0,0,0,0,0,0,0,0,0,0,0,0,0,0,0,0,0
0,0,0,0,0,0,0,0,0,0,0,0,0,0,0,0,0,0,4,0
0,0,0,0,0,0,0,0,0,0,0,0,0,0,0,0,0,7,0,0
0,0,0,0,0,0,0,0,0,0,0,0,0,0,0,0,0,0,0,0
0,0,0,0,0,0,0,0,0,0,0,0,0,0,0,0,0,2,1,0
0,0,0,0,0,0,0,0,0,0,0,0,0,0,0,0,0,0,0,0
0,0,0,0,0,0,0,0,0,0,0,0,0,0,0,0,0,41,48,0
0,0,0,0,0,0,0,0,0,0,1,1,0,0,0,0,0,10,19,0
0,0,0,0,0,0,0,0,0,0,0,0,0,0,0,0,0,0,4,0
0,0,0,0,0,0,0,0,0,0,0,0,0,0,0,0,0,5,25,0
0,0,0,0,0,0,0,0,0,0,0,0,0,0,0,0,0,1,1,0
0,0,0,0,0,0,0,0,0,0,0,0,0,0,0,0,0,36,0,0
0,0,0,0,0,0,0,0,0,0,0,0,0,0,0,0,0,7,16,0
0,0,0,0,0,0,0,0,0,0,0,0,0,0,0,0,0,0,0,0
0,0,0,0,0,0,0,0,0,0,0,0,0,0,0,0,0,1,3,0
0,0,0,0,0,0,0,0,0,0,0,0,0,0,0,0,0,0,2,0
0,1,0,0,0,0,0,0,0,0,0,0,0,0,0,0,0,3,2,0
0,0,0,0,0,0,0,0,0,0,0,0,0,0,0,0,0,3,5,0
0,0,0,0,0,0,0,0,0,0,0,0,0,0,0,0,0,27,28,0
0,1,0,0,0,0,0,0,0,0,0,0,0,0,0,0,0,6,8,0
0,0,0,0,0,0,0,0,0,0,1,0,0,0,0,0,0,10,30,0
0,0,0,0,0,0,0,0,0,0,0,0,0,0,0,0,0,9,44,0
0,0,0,0,0,0,0,0,0,0,0,0,0,0,0,0,0,1,2,0
0,0,0,0,0,0,0,0,0,0,0,0,0,0,0,0,0,0,0,0
0,0,0,0,0,0,0,0,0,0,0,0,0,0,0,0,0,14,16,0
0,0,0,0,0,0,0,0,0,0,0,0,0,0,0,0,0,0,0,0
0,1,0,0,0,0,0,0,0,0,0,0,0,0,0,0,0,6,8,0
0,0,0,0,0,0,0,0,0,0,0,0,0,0,0,0,0,0,0,0
0,0,0,0,0,0,0,0,0,0,1,1,0,0,0,0,0,14,25,0
0,0,0,0,0,0,0,0,0,0,1,0,0,0,0,0,0,12,46,0
0,0,0,0,0,0,2,0,0,0,0,1,0,0,0,0,0,6,25,0
0,0,0,0,0,0,0,0,0,0,0,0,0,0,0,0,0,0,0,0
0,1,0,0,0,0,0,0,0,0,0,0,0,0,0,0,0,6,8,0
0,0,0,0,0,0,0,0,0,0,0,0,0,0,0,0,0,2,6,0
0,0,0,0,0,0,0,0,0,0,0,0,1,0,0,0,0,2,23,0
0,0,0,0,0,0,0,0,0,0,0,0,0,0,0,0,0,1,0,0
0,0,0,0,0,0,0,0,0,0,0,0,0,0,0,0,0,5,5,0
0,0,0,0,0,0,0,0,0,0,0,0,0,0,0,0,0,1,2,0
0,0,0,0,0,0,0,0,0,0,0,0,0,0,0,0,0,9,44,0
0,0,0,0,0,0,0,0,0,0,0,0,0,0,0,0,0,2,4,0
0,0,0,0,0,0,0,0,0,0,0,0,0,0,0,0,0,93,0,0
0,0,0,0,0,0,0,0,0,0,0,0,0,0,0,0,0,3,3,0
0,0,0,0,0,0,0,0,0,0,1,0,0,0,0,0,0,8,12,0
0,0,0,0,0,0,0,0,0,0,1,1,0,0,0,0,0,12,23,0
0,0,0,0,0,0,0,0,0,0,0,0,0,0,0,0,0,0,0,0
0,0,0,0,0,0,0,0,0,0,1,1,0,0,0,0,0,7,28,0
0,0,0,0,0,0,0,0,0,0,0,0,0,0,0,0,0,0,0,0
0,0,0,0,0,0,0,0,0,0,0,0,0,0,0,0,0,7,6,0
0,0,0,0,0,0,0,0,0,0,0,0,0,0,0,0,0,0,0,0
0,0,0,0,0,0,0,0,0,0,0,0,0,0,0,0,0,4,4,0
0,0,0,0,0,0,0,0,0,0,0,0,0,0,0,0,0,3,5,0
0,0,0,0,0,0,0,0,0,0,0,0,0,0,0,0,0,4,7,0
0,0,0,0,0,0,0,0,0,0,0,0,0,0,0,0,0,10,13,0
0,0,0,0,0,0,0,0,0,0,0,0,0,0,0,0,0,5,0,0
0,0,0,0,0,0,0,0,0,0,1,0,0,0,0,1,0,15,31,0
0,0,0,0,0,0,0,0,0,0,0,0,0,0,0,0,0,3,2,0
0,0,0,0,0,0,0,0,0,0,1,1,0,0,0,0,0,15,40,0
0,0,0,0,0,0,0,0,0,0,0,0,0,0,0,0,0,0,4,0
0,0,0,0,0,0,0,0,0,0,0,0,0,0,0,0,0,1,4,0
0,0,0,0,0,0,0,0,0,0,0,0,0,0,0,0,0,7,9,0
0,0,0,0,0,0,0,0,0,0,0,0,0,0,0,0,0,26,52,0
0,0,0,0,0,0,0,0,0,0,0,0,0,0,0,0,0,24,0,0
0,0,0,0,0,0,0,0,0,0,0,0,0,0,0,0,0,0,0,0
0,1,0,0,0,0,0,0,0,0,0,0,0,0,0,0,0,2,5,0
0,0,0,0,0,0,0,0,0,0,0,0,0,0,0,0,0,0,0,0
0,0,0,0,0,0,0,0,0,0,0,0,0,0,0,0,0,0,0,0
0,0,0,0,0,0,0,0,0,0,0,0,0,0,0,0,0,4,4,0
0,0,0,0,0,0,0,0,0,0,0,0,0,0,0,0,0,7,6,0
0,0,0,0,0,0,0,0,0,0,0,0,0,0,0,0,0,0,0,0
0,0,0,0,0,0,0,0,0,0,0,0,0,0,0,0,0,0,0,0
0,0,0,0,0,0,0,0,0,0,0,0,0,0,0,0,0,10,0,0
0,0,0,0,0,0,0,0,0,0,0,0,0,0,0,0,0,7,6,0
0,1,0,0,0,0,0,0,0,0,0,0,0,0,0,0,0,6,8,0
0,0,0,0,0,0,0,0,0,0,0,2,0,0,1,0,0,4,11,0
0,0,0,0,0,0,0,0,0,0,0,0,0,0,0,0,0,2,1,0
0,0,0,0,0,0,0,0,0,0,0,0,0,0,0,0,0,0,0,0
0,0,0,0,0,0,0,0,0,0,0,0,0,0,0,0,0,2,4,0
0,0,0,0,0,0,0,0,0,0,0,0,0,0,0,0,0,12,0,0
0,0,0,0,0,0,0,0,0,0,0,0,0,0,0,0,0,12,3,0
0,0,0,0,0,0,0,0,0,0,0,0,0,0,0,0,0,0,3,0
0,0,0,0,0,0,0,0,0,0,0,1,0,0,0,0,0,3,17,0
0,0,0,0,0,0,0,0,0,0,0,0,0,0,0,0,0,0,0,0
0,0,0,0,0,0,0,0,0,0,0,0,0,0,0,0,0,0,0,0
0,0,0,0,0,0,0,0,0,0,0,1,0,0,0,0,0,5,27,0
0,0,0,0,0,0,0,0,0,0,0,0,0,0,0,0,0,9,44,0
0,0,0,0,0,0,0,0,0,0,0,0,0,0,0,0,0,0,0,0
0,0,0,0,0,0,0,0,0,0,0,0,0,0,0,0,0,1,2,0
0,0,0,0,0,0,0,0,0,0,0,0,0,0,0,0,0,1,1,0
0,0,0,0,0,0,0,0,0,0,0,0,0,0,0,0,0,0,0,0
0,0,0,0,0,0,0,0,0,0,0,0,0,0,0,0,0,1,6,0
0,0,0,0,0,0,0,0,0,0,0,0,0,0,0,0,0,1,10,0
0,0,0,0,0,0,0,0,0,0,0,0,0,0,0,0,0,7,0,0
0,0,0,0,0,0,0,0,0,0,0,0,0,0,0,0,0,0,0,0
0,0,0,0,0,1,0,0,0,0,2,0,0,0,0,0,0,99,174,0
0,0,0,0,0,0,0,0,0,0,1,1,0,0,0,0,0,12,23,0
0,0,0,0,0,0,0,0,0,0,0,0,0,0,0,0,0,27,28,0
0,0,0,0,0,0,0,0,0,0,0,0,0,0,0,0,0,0,0,0
0,0,0,0,0,0,0,0,0,0,1,0,0,0,0,0,0,12,46,0
0,0,0,0,0,0,0,0,0,0,0,0,0,0,0,0,0,2,0,0
0,0,0,0,0,0,0,0,0,0,0,0,0,0,0,0,0,19,27,0
0,0,0,0,0,0,0,0,0,0,0,0,0,0,0,0,0,2,0,0
0,0,0,0,0,0,0,0,0,0,0,0,0,0,0,0,0,0,0,0
0,0,0,0,0,0,0,0,0,0,0,0,0,0,0,0,0,0,0,0
0,0,0,0,0,0,0,0,0,0,0,0,0,0,0,0,0,4,4,0
0,0,0,0,0,0,0,0,0,0,0,0,0,0,0,0,0,0,0,0
0,0,0,0,0,0,0,0,0,0,0,0,0,0,0,0,0,0,0,0
0,0,0,0,0,1,0,0,0,0,2,0,0,0,0,0,0,78,142,0
0,0,0,0,0,0,0,0,0,1,0,0,0,0,0,0,0,19,66,0
0,0,0,0,0,0,0,0,0,0,0,0,0,0,0,0,0,3,5,0
0,0,0,0,0,0,0,0,0,0,0,0,0,0,0,0,0,7,6,0
0,0,0,0,0,0,0,0,0,0,0,0,0,0,0,0,0,5,8,0
0,0,0,0,0,0,0,0,0,0,0,0,0,0,0,0,0,0,0,0
0,0,0,0,0,0,0,0,0,0,0,0,0,0,0,0,0,23,0,0
0,3,0,0,0,0,0,0,1,0,0,0,0,0,0,0,0,18,37,0
0,0,0,0,0,0,0,0,0,0,1,0,0,0,0,0,0,4,24,0
0,0,0,0,0,0,0,0,0,0,1,0,0,0,0,1,0,15,31,0
0,0,0,0,0,0,0,0,0,0,0,0,0,0,0,0,0,4,14,0
0,0,0,0,0,0,0,0,0,0,1,0,0,0,0,0,0,12,46,0
0,0,0,0,0,0,0,0,0,0,2,0,0,0,0,0,0,14,36,0
0,1,0,0,0,0,0,0,0,0,0,0,0,0,1,0,0,36,109,0
0,0,0,0,0,0,0,0,0,0,0,0,0,0,0,0,0,3,14,0
0,0,0,0,0,0,0,0,0,0,0,0,0,0,0,0,0,2,1,0
0,0,0,0,0,0,0,0,0,0,1,0,0,0,0,0,0,5,12,0
0,0,0,0,0,0,0,0,0,0,0,0,0,0,0,0,0,12,12,0
0,0,0,0,0,0,0,0,0,0,0,0,0,0,0,0,0,0,0,0
0,0,0,0,0,0,0,0,0,0,0,0,0,0,0,0,0,13,18,0
0,0,0,0,0,0,0,0,0,0,0,0,0,0,0,0,0,7,9,0
0,0,0,0,0,0,0,0,0,0,0,0,0,0,0,0,0,0,0,0
0,0,0,0,0,0,0,0,0,0,0,0,0,0,0,0,0,0,0,0
0,0,0,0,0,0,0,0,0,0,0,0,0,0,0,0,0,4,4,0
0,0,0,0,0,0,0,0,0,0,0,0,0,0,0,0,0,3,5,0
0,0,0,0,0,0,0,0,0,0,0,0,0,0,0,0,0,0,0,0
0,0,0,0,0,0,0,0,0,0,1,0,0,0,0,0,0,16,25,0
0,0,0,0,0,0,0,0,0,0,0,0,0,0,0,0,0,8,13,0
0,0,0,0,0,0,0,0,0,0,0,0,0,0,0,0,0,0,0,0
0,0,0,0,0,0,0,0,0,0,0,0,0,0,0,0,0,1,3,0
0,0,0,0,0,1,0,0,0,0,2,0,0,0,0,0,0,84,194,0
0,0,0,0,0,0,0,0,0,0,0,0,0,0,0,0,0,4,16,0
0,0,0,0,0,0,0,0,0,0,0,0,0,0,0,0,0,7,8,0
0,0,0,0,0,0,0,0,0,0,1,1,0,0,0,0,0,10,19,0
0,0,0,0,0,0,0,0,0,0,0,0,0,0,0,0,0,8,10,0
0,0,0,0,0,0,0,0,0,0,0,0,0,0,0,0,0,0,0,0
0,0,0,0,0,0,0,0,0,0,0,0,0,0,0,0,0,11,0,0
0,0,0,0,0,0,0,0,0,0,0,0,0,0,0,0,0,0,0,0
0,0,0,0,0,0,0,0,0,0,0,0,0,0,0,0,0,0,0,0
0,0,0,0,0,0,0,0,0,0,0,0,0,0,0,0,0,13,15,0
0,0,0,0,0,0,0,0,0,0,0,0,0,0,0,0,0,0,0,0
0,0,0,0,0,0,0,0,0,0,0,0,0,0,0,0,0,1,1,0
0,0,0,0,0,0,0,0,0,0,0,0,0,0,0,0,0,4,4,0
0,0,0,0,0,0,1,0,0,0,0,0,0,0,0,0,0,2,9,0
0,0,0,0,0,0,0,0,0,0,0,0,0,0,0,0,0,200,7,0
0,0,0,0,0,0,0,0,0,0,0,0,0,0,0,0,0,0,0,0
0,1,0,0,0,0,0,0,0,0,0,0,0,0,0,0,0,1,3,0
0,0,0,0,0,0,0,0,0,0,0,0,0,0,0,0,0,4,3,0
0,0,0,0,0,0,0,0,0,0,0,0,0,0,0,2,0,7,6,0
0,0,0,0,0,0,0,0,0,0,1,0,0,0,0,0,0,14,38,0
0,1,0,0,0,0,0,0,0,0,0,0,0,0,0,0,0,6,8,0
0,0,0,0,0,0,0,0,0,0,0,0,0,0,0,0,0,0,2,0
0,0,0,0,0,0,0,0,0,0,0,0,0,0,0,0,0,0,0,0
0,0,0,0,0,0,0,0,0,0,0,0,0,0,0,0,0,0,0,0
0,0,0,0,0,0,0,0,0,0,0,0,0,0,0,0,0,4,4,0
0,0,0,0,0,0,0,0,0,0,0,0,0,0,0,0,0,0,0,0
0,0,0,0,0,0,0,0,0,0,1,0,0,0,0,1,0,15,31,0
0,0,0,0,0,0,0,0,0,0,0,0,0,0,0,0,0,2,8,0
0,0,0,0,0,0,0,0,0,0,0,0,0,0,0,0,0,3,3,0
0,0,0,0,0,0,0,0,0,0,0,0,0,0,0,0,0,0,0,0
0,0,0,0,0,0,0,0,0,0,1,1,0,0,0,0,0,18,32,0
0,0,0,0,0,0,0,0,0,0,1,0,0,0,0,1,0,15,31,0
0,0,0,0,0,0,0,0,0,0,0,0,0,0,0,0,0,5,5,0
0,0,0,0,0,0,0,0,0,0,1,0,0,0,0,0,0,7,18,0
0,0,0,0,0,0,0,0,0,1,0,0,0,0,0,0,0,19,66,0
0,0,0,0,0,0,0,0,0,0,0,0,0,0,0,0,0,2,0,0
0,0,0,0,0,0,0,0,0,0,0,0,0,0,0,0,0,311,33,0
0,0,0,0,0,0,0,0,0,0,0,0,0,0,0,0,0,4,4,0
0,0,0,0,0,0,0,0,0,0,0,0,0,0,0,0,0,74,85,0
0,0,0,0,0,0,0,0,0,0,0,0,0,0,0,0,0,0,0,0
0,0,0,0,0,0,0,0,0,0,0,0,0,0,0,0,0,4,4,0
0,0,0,0,0,0,0,0,0,0,0,0,0,0,0,0,0,3,3,0
0,0,0,0,0,0,0,0,0,0,0,0,0,0,0,0,0,0,0,0
0,0,0,0,0,0,0,0,0,0,0,2,0,0,0,0,0,3,6,0
0,0,0,0,0,0,0,0,0,0,0,0,0,0,0,0,0,0,0,0
0,0,0,0,0,0,0,0,0,0,0,0,0,0,0,0,0,1,3,0
0,0,0,0,0,0,0,0,0,0,0,0,0,0,0,0,0,0,0,0
0,0,0,0,0,0,0,0,0,0,0,0,0,0,0,0,0,1,5,0
0,0,0,0,0,0,0,0,0,0,0,0,0,0,0,0,0,0,0,0
0,0,0,0,0,0,0,0,0,0,0,0,0,0,0,0,0,0,0,0
0,0,0,0,0,1,0,0,0,0,2,0,0,0,0,0,0,131,210,0
0,0,0,0,0,0,0,0,0,0,0,1,0,0,0,0,0,0,7,0
0,0,0,0,0,0,0,0,0,0,1,0,0,2,0,0,0,7,28,0
0,1,0,0,0,0,0,0,0,0,0,0,0,0,0,0,0,6,8,0
0,0,0,0,0,0,0,0,0,0,0,0,0,0,0,0,0,0,0,0
0,0,0,0,0,0,0,0,0,0,0,0,0,0,0,0,0,0,0,0
0,1,0,2,0,0,0,0,0,0,0,0,1,1,0,0,0,12,21,0
0,0,0,0,0,0,0,0,0,0,0,0,0,0,0,0,0,0,1,0
0,0,0,0,0,0,0,0,0,0,0,0,0,0,0,0,0,4,2,0
0,1,0,0,0,0,0,0,0,0,0,0,0,0,0,0,0,6,8,0
0,0,0,0,0,0,0,0,0,0,0,0,0,0,0,0,0,19,25,0
0,0,0,0,0,0,0,0,0,0,0,0,0,0,0,0,0,2,1,0
0,0,0,0,0,0,0,0,0,0,0,0,0,0,0,0,0,7,9,0
0,0,0,0,0,0,0,0,0,0,0,0,0,0,0,0,0,19,0,0
0,0,0,0,0,0,0,0,0,0,0,0,0,0,0,0,0,3,5,0
0,0,0,0,0,0,0,0,0,0,0,0,0,0,0,0,0,0,0,0
0,0,0,0,0,0,0,0,0,0,0,0,0,0,0,0,0,19,28,0
0,0,0,0,0,0,0,0,0,0,0,0,0,0,0,0,0,15,21,0
0,0,0,0,0,0,0,0,0,0,0,0,0,0,0,0,0,6,0,0
0,0,0,0,0,0,0,0,0,0,0,0,0,0,0,0,0,317,33,0
0,0,0,0,0,0,0,0,0,0,0,0,0,0,0,0,0,0,1,0
0,0,0,0,0,0,0,0,0,0,0,0,0,0,0,0,0,9,44,0
0,0,0,0,0,0,0,0,0,0,0,0,0,0,0,0,0,2,15,0
0,0,0,0,0,0,0,0,0,0,0,0,0,0,0,0,0,351,65,0
0,0,0,0,0,0,0,0,0,0,0,0,0,0,0,0,0,0,0,0
0,0,0,0,0,0,0,0,0,0,1,0,0,0,0,0,0,4,24,0
0,1,0,2,0,0,0,0,0,0,0,0,1,1,0,0,0,12,21,0
0,0,0,0,0,1,0,0,0,0,2,0,0,0,0,0,0,99,174,0
0,0,0,0,0,0,0,0,0,0,0,0,0,0,0,0,0,0,0,0
0,1,0,0,0,0,0,0,0,0,0,0,0,0,0,0,0,5,10,0
0,3,0,0,0,0,0,0,1,0,0,0,0,0,0,0,0,18,37,0
0,0,0,0,0,0,0,0,0,0,0,0,0,0,0,0,0,0,0,0
0,0,0,0,0,0,0,0,0,0,0,0,0,0,0,0,0,0,5,0
0,0,0,0,0,0,0,0,0,0,0,0,0,0,0,0,0,0,0,0
0,0,0,0,0,0,0,0,0,0,0,0,0,0,0,0,0,4,7,0
0,1,0,0,0,0,0,0,0,0,0,0,0,0,0,0,0,6,8,0
0,1,0,0,0,0,0,0,0,0,0,0,0,0,0,0,0,3,2,0
0,0,0,0,0,0,0,0,0,0,0,0,0,0,0,0,0,2350,4,0
0,0,0,0,0,0,0,0,0,0,0,1,0,0,0,0,0,3,17,0
0,0,0,0,0,0,0,0,0,0,0,0,0,0,0,0,0,2,2,0
0,0,0,0,0,0,0,0,0,0,0,0,0,0,0,0,0,0,0,0
0,0,0,0,0,0,0,0,0,0,0,0,0,0,0,0,0,11,5,0
0,0,0,0,0,1,0,0,0,0,2,0,0,0,0,0,0,113,208,0
0,0,0,0,0,0,0,0,0,0,0,0,0,0,0,0,0,2,2,0
0,0,0,0,0,1,0,0,0,0,2,0,0,0,0,0,0,131,210,0
0,0,0,0,0,0,0,0,0,0,0,0,0,0,0,0,0,7,9,0
0,0,0,0,0,0,0,0,0,0,0,0,0,0,0,0,0,2,2,0
0,0,0,0,0,0,0,0,0,0,0,0,0,0,0,0,0,309,33,0
0,0,0,0,0,0,0,0,0,0,0,0,0,0,0,0,0,4,16,0
0,0,0,0,0,0,0,0,0,0,0,0,0,0,0,0,0,9,44,0
0,0,0,0,0,0,0,0,0,0,1,0,0,0,0,0,0,11,43,0
0,0,0,0,0,0,0,0,0,0,0,0,0,0,0,0,0,1,6,0
0,0,0,0,0,0,0,0,0,0,0,0,0,0,0,0,0,6,6,0
0,0,0,0,0,0,0,0,0,0,0,0,0,0,0,0,0,7,8,0
0,0,0,0,0,0,0,0,0,0,0,0,0,0,0,0,0,2,2,0
0,0,0,0,0,0,0,0,0,0,0,0,0,0,0,1,0,2,2,0
0,0,0,0,0,0,0,0,0,0,0,0,0,0,0,0,0,4,4,0
0,0,0,0,0,0,0,0,0,0,0,0,0,0,0,0,0,1,6,0
0,0,0,0,0,0,0,0,0,0,1,1,0,0,0,0,0,12,23,0
0,0,0,0,0,0,0,0,0,0,0,0,0,0,0,0,0,1,3,0
0,0,0,0,0,0,0,0,0,0,1,0,0,0,0,1,0,15,31,0
0,0,0,0,0,1,0,0,0,0,2,0,0,0,0,0,0,99,174,0
0,0,0,0,0,0,0,0,0,0,0,0,0,0,0,0,0,1,5,0
0,0,0,0,0,0,0,0,0,0,0,0,0,0,0,0,0,1,5,0
0,0,0,0,0,0,0,0,0,0,0,0,0,0,0,0,0,2,4,0
0,0,0,0,0,0,0,0,0,0,0,0,0,0,0,0,0,0,1,0
0,1,0,0,0,0,0,0,0,0,0,0,0,0,1,0,0,19,26,0
0,0,0,0,0,2,0,0,0,0,2,0,0,0,0,0,0,45,106,0
0,0,0,0,0,0,0,0,0,0,0,0,0,0,0,0,0,0,0,0
0,0,0,0,0,0,0,0,0,0,0,0,0,0,0,0,0,305,33,0
0,0,0,0,0,0,0,0,0,0,0,0,0,0,0,0,0,4,16,0
0,0,0,0,0,0,0,0,0,0,0,0,0,0,0,0,0,0,0,0
0,0,0,0,0,0,0,0,0,0,0,0,0,0,0,0,0,2,2,0
0,0,0,0,0,0,0,0,0,0,0,0,0,0,0,0,0,5,6,0
0,0,0,0,0,0,0,0,0,0,0,0,0,0,0,0,0,8,10,0
0,0,0,0,0,0,0,0,0,0,0,0,0,0,0,0,0,14,37,0
0,1,0,2,0,0,0,0,0,0,0,0,1,1,0,0,0,12,21,0
0,0,0,0,0,0,0,0,0,0,0,0,0,0,0,0,0,2,7,0
0,0,0,0,0,0,0,0,0,0,0,0,0,0,0,0,0,7,12,0
0,0,0,0,0,0,0,0,0,0,0,0,0,0,0,0,0,16,0,0
0,0,0,0,0,0,0,0,0,0,0,0,0,0,0,0,0,10,13,0
0,0,0,0,0,0,0,0,0,0,0,0,0,0,0,0,0,0,0,0
0,0,0,0,0,0,0,0,0,0,0,0,0,0,0,0,0,3,11,0
0,1,0,0,0,0,0,0,0,0,0,0,0,0,0,0,0,6,8,0
0,0,0,0,0,0,0,0,0,0,0,0,0,0,0,0,0,0,0,0
0,0,0,0,0,0,0,0,0,0,1,0,0,0,0,0,0,20,49,0
1,0,0,0,0,0,0,0,0,0,0,0,0,0,0,0,0,1,2,0
0,0,0,0,0,0,0,0,0,0,0,0,0,0,0,0,0,1,3,0
0,0,0,0,0,0,0,0,0,0,0,0,0,0,0,0,0,1,8,0
0,0,0,0,0,0,0,0,0,0,0,0,0,0,0,0,0,0,0,0
0,0,0,0,0,0,0,0,0,0,0,0,0,0,0,0,0,3,5,0
0,0,0,0,0,0,0,0,0,0,0,0,0,0,0,0,0,5,12,0
0,1,0,0,0,0,0,0,0,0,0,0,0,0,0,0,0,2,4,0
0,0,0,0,0,0,0,0,0,0,0,0,0,0,0,0,0,5,0,0
0,1,0,0,0,0,0,0,0,0,0,1,0,0,0,0,0,5,7,0
0,0,0,0,0,0,0,0,0,0,0,0,0,0,0,0,0,4,4,0
0,0,0,0,0,0,0,0,0,0,1,0,0,0,0,0,0,4,24,0
0,0,0,0,0,0,0,0,0,0,0,0,0,0,0,0,0,4,16,0
0,0,0,0,0,0,0,0,0,0,0,0,0,0,0,0,0,3,5,0
0,0,0,0,0,0,0,0,0,0,0,0,0,0,0,0,0,0,0,0
0,0,0,0,0,0,0,0,0,0,0,0,0,0,0,0,0,0,0,0
0,0,0,0,0,0,0,0,0,0,0,0,0,0,0,0,0,1,1,0
0,0,0,0,0,0,0,0,0,0,1,0,0,0,0,0,0,12,46,0
0,0,0,0,0,0,0,0,0,0,0,0,0,0,0,0,0,0,0,0
0,0,0,0,0,0,0,0,0,0,0,0,0,0,0,0,0,590,3,0
0,0,0,0,0,0,0,0,0,0,0,0,0,0,0,0,0,1,1,0
0,0,0,0,0,0,0,0,0,0,0,1,0,0,0,0,0,4,6,0
0,0,0,0,0,0,0,0,0,0,0,0,0,0,0,0,0,16,18,0
0,0,0,0,0,0,0,0,0,0,1,0,0,0,0,1,0,15,31,0
0,0,0,0,0,0,0,0,0,0,0,0,0,0,0,0,0,2,5,0
0,0,0,0,0,0,0,0,0,0,0,0,0,0,0,0,0,0,0,0
0,0,0,0,0,0,0,0,0,0,0,0,0,0,0,0,0,0,0,0
0,0,0,0,0,0,0,0,0,0,0,0,0,0,0,0,0,0,0,0
0,0,0,0,0,0,0,0,0,0,0,0,0,0,0,0,0,7,9,0
0,0,0,0,0,0,0,0,0,0,0,0,0,0,0,0,0,3,3,0
0,0,0,0,0,0,0,0,0,0,0,0,0,0,0,0,0,7,9,0
0,0,0,0,0,0,0,0,0,0,0,0,0,0,0,0,0,0,0,0
0,0,0,0,0,0,0,0,0,0,0,0,0,0,0,0,0,0,0,0
0,0,0,0,0,0,0,0,0,0,0,0,0,0,0,0,0,4,4,0
0,0,0,0,0,0,0,0,0,0,0,0,0,0,0,0,0,3,0,0
1,0,0,0,0,1,1,0,0,0,0,0,0,0,2,0,0,17,51,0
0,0,0,0,0,0,0,0,0,0,0,0,0,0,0,0,0,0,2,0
0,0,0,0,0,0,0,0,0,0,0,0,0,0,0,0,0,1,5,0
0,0,0,0,0,0,0,0,0,0,0,0,0,0,0,0,0,0,0,0
0,0,0,0,0,0,0,0,0,0,0,0,0,0,0,0,0,4,16,0
0,0,0,0,0,0,0,0,0,0,0,0,0,0,0,0,0,9,0,0
0,0,0,0,0,0,0,0,0,0,0,0,0,0,0,0,0,0,0,0
0,0,0,0,0,0,0,0,0,0,0,0,0,0,0,0,0,3,2,0
0,0,0,0,0,0,0,0,0,0,0,0,0,0,0,0,0,4,16,0
0,0,0,0,0,0,0,0,0,0,0,0,0,0,0,0,0,0,0,0
0,0,0,0,0,0,0,0,0,0,0,0,0,0,0,0,0,0,0,0
0,0,0,0,0,0,0,0,0,0,0,0,0,0,0,0,0,1,3,0
0,0,0,0,0,0,0,0,0,0,0,0,0,0,0,0,0,1,1,0
0,0,0,0,0,0,0,0,0,0,0,0,0,0,0,0,0,0,0,0
0,0,0,0,0,0,0,0,0,0,0,0,0,0,0,0,0,19,0,0
0,0,0,0,0,0,0,0,0,0,0,0,0,0,0,0,0,8,0,0
0,0,0,0,0,0,0,0,0,0,0,0,0,0,0,0,0,4,2,0
0,0,0,0,0,0,0,0,0,0,0,0,0,0,0,0,0,332,45,0
0,0,0,0,0,0,0,0,0,0,0,0,0,0,0,0,0,0,0,0
0,0,0,0,0,0,0,0,0,0,0,0,0,0,0,0,0,2,0,0
0,0,0,0,0,0,0,0,0,0,0,0,0,0,0,0,0,1,4,0
0,0,0,0,0,0,0,0,0,0,0,0,0,0,0,0,0,0,0,0
0,0,0,0,0,0,0,0,0,0,0,0,0,0,0,0,0,4,16,0
0,0,0,1,0,0,0,0,0,0,0,0,0,1,2,0,0,8,10,0
0,1,0,0,0,0,0,0,0,0,0,0,0,0,0,0,0,6,8,0
0,1,0,0,0,0,0,0,0,0,0,0,0,0,0,0,0,6,8,0
0,0,0,0,0,0,0,0,0,0,0,0,0,0,0,0,0,1,6,0
0,0,0,0,0,0,0,0,0,0,0,0,0,0,0,0,0,3,9,0
0,0,0,0,0,0,0,0,0,0,0,0,0,0,0,0,0,0,0,0
0,0,0,0,0,0,0,0,0,0,0,0,0,0,0,0,0,0,0,0
0,0,0,0,0,0,0,0,0,0,0,0,0,0,0,0,0,0,0,0
0,0,0,0,0,0,0,0,0,0,0,0,0,0,0,0,0,0,0,0
0,0,0,0,0,0,0,0,0,0,1,0,0,0,0,0,0,11,35,0
0,0,0,0,0,1,0,0,0,0,2,0,0,0,0,0,0,99,174,0
0,12,0,0,0,0,0,0,0,0,0,0,0,0,0,0,0,11,45,0
0,0,0,0,0,0,0,0,0,0,0,0,0,0,0,0,0,5,6,0
0,0,0,0,0,0,0,0,0,0,0,0,0,0,0,0,0,3,5,0
0,0,0,0,0,0,0,0,0,0,0,0,0,0,0,0,0,12,20,0
0,0,0,0,0,0,0,0,0,0,0,0,0,0,0,0,0,2,3,0
0,0,0,0,0,0,0,0,0,0,0,0,0,0,0,0,0,17,30,0
0,0,0,0,0,0,0,0,0,0,0,0,0,0,0,0,0,1,2,0
0,0,0,0,0,0,0,0,0,0,0,0,0,0,0,0,0,0,0,0
0,1,0,0,0,0,1,0,0,0,1,2,0,0,0,0,0,13,24,0
0,0,0,0,0,0,0,0,0,0,0,0,0,0,0,0,0,1,3,0
0,0,0,0,0,0,0,0,0,0,0,0,0,0,0,0,0,0,0,0
0,0,0,0,0,0,0,0,0,0,0,0,0,0,0,0,0,3,3,0
0,0,0,0,0,0,0,0,0,0,0,0,0,0,0,0,0,13,13,0
0,0,0,3,0,0,0,0,0,0,0,0,1,1,0,0,0,11,24,0
0,0,0,0,0,1,0,0,0,0,2,0,0,0,0,0,0,84,194,0
0,0,0,0,0,0,0,0,0,0,0,0,0,0,0,0,0,3,5,0
0,0,0,0,0,0,0,0,0,0,0,0,0,0,0,0,0,0,4,0
0,0,0,0,0,0,0,0,0,0,0,0,0,0,0,0,0,4,16,0
0,0,0,0,0,0,0,0,0,0,1,1,0,0,0,0,0,12,23,0
0,0,0,0,0,0,0,0,0,0,0,0,0,0,0,0,0,6,10,0
0,0,0,0,0,0,0,0,0,0,0,0,0,0,0,0,0,5,5,0
0,1,0,0,0,0,1,0,1,0,0,3,0,1,0,0,0,50,86,0
0,0,0,0,0,0,0,0,0,0,0,0,0,0,0,0,0,7,5,0
0,0,0,0,0,0,0,0,0,0,0,0,0,0,0,0,0,9,44,0
0,0,0,0,0,0,0,0,0,0,1,1,0,0,0,0,0,17,33,0
0,0,0,0,0,0,0,0,0,0,0,0,0,0,0,0,0,0,0,0
0,0,0,0,0,0,0,0,0,0,1,0,0,0,0,0,0,12,46,0
0,0,0,0,0,0,0,0,0,0,1,0,0,0,0,0,0,4,24,0
0,0,0,0,0,0,0,0,0,0,0,0,0,0,0,0,0,2,2,0
0,0,0,0,0,0,0,0,0,0,0,0,0,0,0,0,0,0,2,0
0,0,0,0,0,0,0,0,0,0,0,0,0,0,0,0,0,0,0,0
0,0,0,0,0,0,0,0,0,0,0,0,0,0,0,0,0,3,3,0
0,0,0,0,0,0,0,0,0,0,0,0,0,0,0,0,0,4,5,0
0,0,0,0,0,0,0,0,0,0,0,0,0,0,0,0,0,18,0,0
0,0,0,0,0,0,0,0,0,0,0,0,0,0,0,0,0,1,16,0
0,0,0,0,0,0,0,0,0,0,0,0,0,0,0,0,0,0,0,0
0,0,0,0,0,0,0,0,0,0,0,0,0,0,0,0,0,4,4,0
0,0,0,0,0,0,0,0,0,0,0,0,0,0,0,0,0,1,0,0
0,0,0,0,0,0,0,0,0,0,0,0,0,0,0,0,0,1,1,0
0,0,0,0,0,0,0,0,0,0,0,0,0,0,0,0,0,0,0,0
0,0,0,0,0,0,0,0,0,0,0,0,0,0,0,0,0,0,0,0
0,0,0,0,0,0,0,0,0,0,0,0,0,0,0,0,0,4,0,0
0,1,0,0,0,0,0,0,0,0,0,0,0,0,0,0,0,11,19,0
0,0,0,0,0,0,0,0,0,0,0,0,0,0,0,0,0,1,3,0
0,0,0,0,0,0,0,0,0,0,0,0,0,0,0,0,0,3,0,0
0,0,0,0,0,0,0,0,0,0,1,0,0,0,0,0,0,21,8,0
0,0,0,0,0,0,0,0,0,0,0,0,0,0,0,0,0,4,13,0
0,0,0,0,0,0,0,0,0,0,0,0,0,0,0,0,0,2,0,0
0,0,0,0,0,0,0,0,0,0,1,1,0,0,0,0,0,13,29,0
0,0,0,0,0,0,0,0,0,0,0,0,0,0,0,0,0,1,2,0
0,0,0,0,0,0,0,0,0,0,0,0,0,0,0,0,0,0,0,0
0,0,0,0,0,0,0,0,0,0,0,0,0,0,0,0,0,0,1,0
0,0,0,0,0,0,0,0,0,0,0,0,0,0,0,0,0,5,17,0
0,0,0,0,0,0,0,0,0,0,0,0,0,0,0,0,0,11,11,0
0,0,0,0,0,0,0,0,0,0,0,0,0,0,0,0,0,4,4,0
0,0,0,0,0,0,0,0,0,0,0,0,0,0,0,0,0,0,0,0
0,0,0,0,0,0,0,0,0,0,0,0,0,0,0,0,0,20,0,0
0,0,0,0,0,0,0,0,0,0,0,0,0,0,0,0,0,2,5,0
0,0,0,0,0,0,0,0,0,0,0,0,0,0,0,0,0,2,3,0
0,0,0,0,0,0,0,0,0,0,0,0,0,0,0,0,0,34,2,0
0,0,0,0,0,0,0,0,0,0,0,0,0,0,0,0,0,3,5,0
0,0,0,0,0,0,0,0,0,0,0,0,0,0,0,0,0,3,7,0
0,0,0,0,0,0,0,0,0,0,0,0,0,0,0,0,0,1,6,0
0,0,0,0,0,0,0,0,0,0,1,0,0,0,0,1,0,15,31,0
0,0,0,0,0,0,0,0,0,0,0,0,0,0,0,0,0,5,8,0
0,0,0,0,0,0,0,0,0,0,0,0,0,0,0,0,0,4,16,0
0,0,0,0,0,0,0,0,0,0,0,0,0,0,0,0,0,1,3,0
0,0,0,0,0,0,0,0,0,0,0,0,0,0,0,0,0,1,2,0
0,0,0,0,0,0,0,0,0,0,0,0,0,0,0,0,0,0,0,0
0,0,0,0,0,0,0,0,0,0,0,0,0,0,0,0,0,0,0,0
0,0,0,0,0,0,0,0,0,0,0,0,0,0,0,0,0,0,0,0
0,0,0,0,0,0,0,0,0,0,0,0,0,0,0,0,0,1,3,0
0,0,0,0,0,0,0,0,0,0,0,0,0,0,0,0,0,4,0,0
0,0,0,0,0,0,6,0,0,0,0,1,0,0,0,0,0,42,75,0
0,0,0,0,0,0,0,0,0,0,1,1,0,0,0,0,0,9,19,0
0,1,0,0,0,0,0,0,0,0,0,0,0,0,0,0,0,6,8,0
0,0,0,0,0,0,0,0,0,0,0,0,0,0,0,0,0,4,16,0
0,0,0,0,0,0,0,0,0,0,0,0,0,0,0,0,0,4,10,0
0,0,0,0,0,0,0,0,0,0,0,0,0,0,0,0,0,5,0,0
0,0,0,0,0,0,0,0,0,0,0,0,0,0,0,0,0,0,0,0
0,1,0,0,0,0,0,0,0,0,0,0,0,0,0,0,0,6,8,0
0,1,0,0,0,0,0,0,0,0,0,0,0,0,0,0,0,6,8,0
0,0,0,0,0,0,0,0,0,0,0,0,0,0,0,0,0,2,10,0
0,0,0,0,0,0,0,0,0,0,0,0,0,0,0,0,0,11,16,0
0,0,0,0,0,0,0,0,0,0,0,0,0,0,0,0,0,2,4,0
0,0,0,0,0,0,0,0,0,0,0,0,0,0,0,0,0,1,6,0
0,0,0,0,0,0,0,0,0,0,0,0,0,0,0,0,0,4,16,0
0,0,0,0,0,0,0,0,0,0,0,0,0,0,0,0,0,0,0,0
0,0,0,0,0,0,0,0,0,0,0,0,0,0,0,0,0,0,0,0
0,0,0,0,0,0,0,0,0,0,0,0,0,0,0,0,0,0,0,0
0,1,0,0,0,0,0,0,0,0,0,1,0,0,0,0,0,5,7,0
0,0,0,0,0,0,0,0,0,0,0,0,0,0,0,0,0,1,2,0
0,0,0,0,0,0,0,0,0,0,1,0,0,0,0,0,0,6,15,0
0,0,0,0,0,0,0,0,0,0,0,0,0,0,0,0,0,14,0,0
0,0,0,0,0,0,0,0,0,0,0,0,0,0,0,0,0,2,14,0
0,0,0,0,0,0,0,0,0,0,0,0,0,0,0,0,0,1,3,0
0,0,0,0,0,0,0,0,0,0,0,0,0,0,0,0,0,1,0,0
